player_id,player_name,position,team,projected_ppg,projected_total_pts,avg_ppg_2025,games_played_2024,avg_ppg_2024,projection_basis,age,age_adjustment_applied,edge_score,rookie_breakout_bonus,final_score,availability_multiplier,availability_note,games_played_2025,replacement_level,vor_score,final_score_raw,overall_rank,positional_rank,tier
00-0034857,Josh Allen,QB,BUF,23.55,400.3,23.6,19,23.07,2025*0.50+2024*0.30+2023*0.20,30.3,none,69.3778666364539,0.0,5.890651101495573,1.0,,18.0,15.495895176369894,5.890651101495573,21.386546277865467,7,1,Elite
00-0036389,Jalen Hurts,QB,PHI,20.01,340.2,18.78,19,21.66,2025*0.50+2024*0.30+2023*0.20,28.1,none,59.56109194753476,0.0,2.086557173240619,1.0,,17.0,15.495895176369894,2.086557173240619,17.582452349610513,31,2,Elite
00-0033873,Patrick Mahomes,QB,KC,19.12,325.0,20.08,19,18.31,2025*0.50+2024*0.30+2023*0.20,31.0,none,65.50187278506971,0.0,1.6452922465817057,1.0,,14.0,15.495895176369894,1.6452922465817057,17.1411874229516,36,3,Elite
00-0034796,Lamar Jackson,QB,BAL,20.15,342.5,16.84,19,24.82,2025*0.50+2024*0.30+2023*0.20,29.6,none,49.72853198856429,0.0,1.6151945823388143,1.0,,13.0,15.495895176369894,1.6151945823388143,17.111089758708708,37,4,Elite
00-0040691,Jaxson Dart,QB,NYG,17.4,295.8,17.4,0,,2025_only,23.3,none,69.45866298072812,15.0,1.3538470312241113,1.0,rookie_exemption,14.0,15.495895176369894,1.3538470312241113,16.849742207594005,41,5,Elite
00-0039851,Drake Maye,QB,NE,17.8,302.6,20.3,12,13.63,2025*0.50+2024*0.30,24.0,none,78.30576503024442,0.0,1.145632676245155,1.0,,21.0,15.495895176369894,1.145632676245155,16.64152785261505,46,6,Elite
00-0033077,Dak Prescott,QB,DAL,17.69,300.7,18.34,8,14.56,2025*0.50+2024*0.30+2023*0.20,33.1,none,64.56601375216219,0.0,0.3136231734573549,1.0,,17.0,15.495895176369894,0.3136231734573549,15.809518349827249,64,7,QB1
00-0039732,Bo Nix,QB,DEN,18.17,308.9,18.05,18,18.38,2025*0.50+2024*0.30,26.5,none,55.84303728629818,0.0,0.26710878610622224,1.0,,18.0,15.495895176369894,0.26710878610622224,15.763003962476116,65,8,QB1
00-0036355,Justin Herbert,QB,LAC,17.3,294.1,17.7,18,16.17,2025*0.50+2024*0.30+2023*0.20,28.5,none,67.15716453523575,0.0,0.09956166300884028,1.0,,17.0,15.495895176369894,0.09956166300884028,15.595456839378734,69,9,QB1
00-0034855,Baker Mayfield,QB,TB,17.83,303.1,16.11,18,21.19,2025*0.50+2024*0.30+2023*0.20,31.4,none,57.951008987296085,0.0,0.08490429436057134,1.0,,17.0,15.495895176369894,0.08490429436057134,15.580799470730465,70,10,QB1
00-0039139,Jahmyr Gibbs,RB,DET,18.64,316.8,19.42,18,20.08,2025*0.50+2024*0.30+2023*0.20,24.5,none,51.4045978644831,0.0,7.620786442170694,1.0,,17.0,8.301758670411202,7.620786442170694,15.922545112581895,1,1,Elite
00-0036223,Jonathan Taylor,RB,IND,18.01,306.2,19.96,14,16.98,2025*0.50+2024*0.30+2023*0.20,27.6,none,58.18858819110811,0.0,7.449170749554371,1.0,,17.0,8.301758670411202,7.449170749554371,15.750929419965573,3,2,Elite
00-0038542,Bijan Robinson,RB,ATL,17.91,304.5,19.72,17,18.31,2025*0.50+2024*0.30+2023*0.20,24.6,none,46.81891121279908,0.0,6.7508214290524915,1.0,,17.0,8.301758670411202,6.7508214290524915,15.052580099463693,4,3,Elite
00-0037840,Kyren Williams,RB,LA,16.04,272.6,15.13,18,15.6,2025*0.50+2024*0.30+2023*0.20,26.0,none,61.8724091142924,0.0,5.903541656168548,1.0,,20.0,8.301758670411202,5.903541656168548,14.20530032657975,6,4,Elite
00-0039040,De'Von Achane,RB,MIA,16.65,283.1,18.04,17,15.35,2025*0.50+2024*0.30+2023*0.20,24.9,none,48.82204018624791,0.0,5.791902236891879,1.0,,16.0,8.301758670411202,5.791902236891879,14.09366090730308,8,5,Elite
00-0037248,James Cook,RB,BUF,15.49,263.3,16.47,19,16.07,2025*0.50+2024*0.30+2023*0.20,26.9,none,60.27318804955228,0.0,5.342136378251492,1.0,,19.0,8.301758670411202,5.342136378251492,13.643895048662694,9,6,Elite
00-0033280,Christian McCaffrey,RB,SF,13.61,231.4,21.05,4,10.08,2025*0.50+2024*0.30+2023*0.20,30.2,RB age 30 *0.75,62.3032225118323,0.0,3.76908190474691,1.0,,19.0,8.301758670411202,3.76908190474691,12.070840575158112,13,7,Elite
00-0040122,Ashton Jeanty,RB,LV,12.92,219.6,12.92,0,,2025_only,22.7,none,55.06550768788994,15.0,3.6517804075714118,1.0,rookie_exemption,17.0,8.301758670411202,3.6517804075714118,11.953539077982613,14,8,Elite
00-0040715,Cam Skattebo,RB,NYG,14.46,245.9,14.46,0,,2025_only,24.6,none,38.00661641206056,0.0,3.468968349543985,1.0,rookie_exemption,8.0,8.301758670411202,3.468968349543985,11.770727019955187,16,9,Elite
00-0034844,Saquon Barkley,RB,PHI,13.69,232.7,13.44,20,21.64,2025*0.50+2024*0.30+2023*0.20,29.6,RB age 30 *0.85,49.32288719146042,0.0,3.306932306542075,1.0,,17.0,8.301758670411202,3.306932306542075,11.608690976953277,17,10,Elite
00-0039075,Puka Nacua,WR,LA,17.32,294.5,19.9,13,14.42,2025*0.50+2024*0.30+2023*0.20,25.3,none,71.51915891390486,0.0,7.4768243000399455,1.0,,19.0,8.36331119712655,7.4768243000399455,15.840135497166495,2,1,Elite
00-0036900,Ja'Marr Chase,WR,CIN,16.56,281.5,15.82,17,19.97,2025*0.50+2024*0.30+2023*0.20,26.5,none,54.52303146683997,0.0,5.93739300614606,1.0,,16.0,8.36331119712655,5.93739300614606,14.300704203272609,5,2,Elite
00-0036963,Amon-Ra St. Brown,WR,DET,15.74,267.6,15.62,18,15.35,2025*0.50+2024*0.30+2023*0.20,26.9,none,56.52707128647988,0.0,5.323897109021029,1.0,,17.0,8.36331119712655,5.323897109021029,13.687208306147578,10,3,Elite
00-0036358,CeeDee Lamb,WR,DAL,14.47,246.0,12.57,15,14.19,2025*0.50+2024*0.30+2023*0.20,27.4,none,57.10837297636755,0.0,4.244763273777565,1.0,,13.0,8.36331119712655,4.244763273777565,12.608074470904114,11,4,Elite
00-0038543,Jaxon Smith-Njigba,WR,SEA,13.54,230.2,17.14,17,11.94,2025*0.50+2024*0.30+2023*0.20,24.5,none,58.86010500030787,0.0,3.5055862679859544,1.0,,20.0,8.36331119712655,3.5055862679859544,11.868897465112504,15,5,Elite
00-0036554,Nico Collins,WR,HOU,13.47,229.1,12.14,14,14.92,2025*0.50+2024*0.30+2023*0.20,27.5,none,45.60233301805447,0.0,2.9084790801330325,1.0,,16.0,8.36331119712655,2.9084790801330325,11.271790277259582,19,6,Elite
00-0037247,George Pickens,WR,DAL,12.25,208.2,14.32,14,10.14,2025*0.50+2024*0.30+2023*0.20,25.5,none,61.84135001734647,0.0,2.4843584160109327,1.0,,17.0,8.36331119712655,2.4843584160109327,10.847669613137482,23,7,Elite
00-0037238,Drake London,WR,ATL,12.82,217.9,13.99,17,13.58,2025*0.50+2024*0.30+2023*0.20,25.1,none,46.8568604363772,0.0,2.4128036552565177,1.0,,12.0,8.36331119712655,2.4128036552565177,10.776114852383067,25,8,Elite
00-0036410,Tee Higgins,WR,CIN,12.59,214.0,12.01,12,15.47,2025*0.50+2024*0.30+2023*0.20,27.6,none,49.71247024458884,0.0,2.32732880401157,1.0,,15.0,8.36331119712655,2.32732880401157,10.690640001138119,26,9,Elite
00-0035676,A.J. Brown,WR,PHI,12.42,211.1,11.58,17,12.81,2025*0.50+2024*0.30+2023*0.20,29.2,none,49.88155572803935,0.0,2.1892755693001966,1.0,,16.0,8.36331119712655,2.1892755693001966,10.552586766426746,29,10,Elite
00-0037744,Trey McBride,TE,ARI,12.63,214.7,14.88,16,11.77,2025*0.50+2024*0.30+2023*0.20,26.8,none,54.91906307965338,0.0,3.8562089644757345,1.0,,17.0,7.065674335612331,3.8562089644757345,10.921883300088066,12,1,Elite
00-0033288,George Kittle,TE,SF,11.56,196.5,11.17,15,13.17,2025*0.50+2024*0.30+2023*0.20,32.9,none,48.63876279229568,0.0,2.713117958024484,1.0,,12.0,7.065674335612331,2.713117958024484,9.778792293636815,21,2,Elite
00-0039338,Brock Bowers,TE,LV,11.97,203.4,11.85,17,12.16,2025*0.50+2024*0.30,23.7,none,38.188877875379326,0.0,2.6846882688925406,1.0,,12.0,7.065674335612331,2.6846882688925406,9.750362604504872,22,3,Elite
00-0030506,Travis Kelce,TE,KC,9.86,167.5,9.01,19,9.31,2025*0.50+2024*0.30+2023*0.20,36.9,none,49.49113119440689,0.0,1.3002733251182237,1.0,,17.0,7.065674335612331,1.3002733251182237,8.365947660730555,44,4,TE1
00-0034351,Dallas Goedert,TE,PHI,9.52,161.8,10.78,13,8.56,2025*0.50+2024*0.30+2023*0.20,31.7,none,41.29063043883147,0.0,0.7775860697206953,1.0,,16.0,7.065674335612331,0.7775860697206953,7.843260405333027,51,5,TE1
00-0040663,Harold Fannin Jr.,TE,CLE,9.53,161.9,9.53,0,,2025_only,22.1,none,32.0367347466359,0.0,0.5212559107939887,1.0,rookie_exemption,16.0,7.065674335612331,0.5212559107939887,7.58693024640632,55,6,TE1
00-0040128,Tyler Warren,TE,IND,8.85,150.5,8.85,0,,2025_only,24.3,none,51.70635915237184,0.0,0.5021294998831403,1.0,rookie_exemption,17.0,7.065674335612331,0.5021294998831403,7.5678038354954715,56,7,TE1
00-0040126,Colston Loveland,TE,CHI,8.97,152.4,8.97,0,,2025_only,22.4,none,43.9633803321139,0.0,0.39638022912485393,1.0,rookie_exemption,18.0,7.065674335612331,0.39638022912485393,7.462054564737185,62,8,TE1
00-0031610,Darren Waller,TE,MIA,8.92,151.7,9.59,0,,2025*0.50+2023*0.20,34.0,none,39.872847794615055,0.0,0.24532307137156728,1.0,rookie_exemption,8.0,7.065674335612331,0.24532307137156728,7.3109974069838985,67,9,TE1/2
00-0038996,Tucker Kraft,TE,GB,9.96,169.4,12.65,17,8.02,2025*0.50+2024*0.30+2023*0.20,25.8,none,42.86422407330012,0.0,-0.05080877259865524,0.85,,8.0,7.065674335612331,-0.05080877259865524,7.014865563013676,74,10,TE1/2
