overall_rank,player_name,position,recent_team,projected_ppg,projected_ppg_std,projected_ppg_half_ppr,projected_ppg_ppr,projected_ppg_superflex,reliability_tier,situation_score,career_seasons,tier,live_status,age,data_basis,draft_value_score,draft_value_score_std,draft_value_score_half_ppr,draft_value_score_ppr,avg_receptions_per_game,avg_targets_per_game,avg_carries_per_game,Injury_Flag,consensus_adp,adp_diff,consensus_adp_overall,consensus_adp_positional,our_positional_rank,adp_diff_positional,adp_diff_overall,adp_signal
1,Jonathan Taylor,RB,IND,20.67,,20.67,,20.67,PROVEN_ELITE,74.0,6,Elite,,,2025*0.50+2024*0.30+2023*0.20+rel[PROVEN_ELITE*1.12],,,,,,,,,6.1,5.1,6.1,4.0,1,3.0,5.1,BUY
2,Bijan Robinson,RB,ATL,20.35,,20.35,,20.35,PROVEN_SOLID,72.6,3,Elite,,,2025*0.50+2024*0.30+2023*0.20+rel[PROVEN_SOLID*1.06],,,,,,,,,3.0,1.0,3.0,2.0,2,0.0,1.0,NEUTRAL
3,Derrick Henry,RB,BAL,19.75,,19.75,,19.75,PROVEN_ELITE,61.1,6,Elite,,,2025*0.50+2024*0.30+2023*0.20+rel[PROVEN_ELITE*1.12],,,,,,,,,,,,,3,,,UNKNOWN
4,Christian McCaffrey,RB,SF,19.2,,19.2,,19.2,PROVEN_SOLID,81.5,3,Elite,,,2025*0.50+2024*0.30+2023*0.20+rel[PROVEN_SOLID*1.06],,,,,,,,,5.6,1.5999999999999996,5.6,3.0,4,-1.0,1.5999999999999996,NEUTRAL
5,Jahmyr Gibbs,RB,DET,18.53,,18.53,,18.53,PROVEN_SOLID,73.3,3,Elite,,,2025*0.50+2024*0.30+2023*0.20+rel[PROVEN_SOLID*1.06] [consensus_floor:20.0:RB1 consensus],,,,,,,,,2.2,-2.8,2.2,1.0,5,-4.0,-2.8,FADE
11,Ashton Jeanty,RB,LV,14.77,,14.77,,14.77,EMERGING,60.0,1,Elite,,,2025_only+rel[EMERGING*1.00] [sophomore_leap_player] [team_corr:LV:0.95:LV RB1 yr2 - weak team situation] [consensus_floor:15.0:RB7 consensus - yr2 leap],,,,,,,,,21.3,10.3,21.3,8.0,6,2.0,10.3,NEUTRAL
12,James Cook,RB,BUF,15.23,,15.23,,15.23,VOLATILE,77.0,4,Elite,,,2025*0.50+2024*0.30+2023*0.20+rel[VOLATILE*0.88] [consensus_floor:15.5:RB6 consensus],,,,,,,,,,,,,7,,,UNKNOWN
13,Josh Jacobs,RB,GB,15.03,,15.03,,15.03,PROVEN_ELITE,66.8,6,Elite,,,2025*0.50+2024*0.30+2023*0.20+rel[PROVEN_ELITE*1.12],,,,,,,,,,,,,8,,,UNKNOWN
16,Saquon Barkley,RB,PHI,14.69,,14.69,,14.69,VOLATILE,80.5,5,Elite,,,2025*0.50+2024*0.30+2023*0.20+rel[VOLATILE*0.88],,,,,,,,,16.6,0.6000000000000014,16.6,7.0,9,-2.0,0.6000000000000014,NEUTRAL
18,Cam Skattebo,RB,NYG,14.46,,14.46,,14.46,EMERGING,58.0,1,Elite,,,2025_only+rel[EMERGING*1.00] [sophomore_leap_player] [team_corr:NYG:1.0:NYG RB1 - Nagy scheme],,,,,,,,,,,,,10,,,UNKNOWN
21,Omarion Hampton,RB,LAC,14.03,,14.03,,14.03,EMERGING,80.0,1,Elite,,,2025_only+rel[EMERGING*1.00] [sophomore_leap_player] [team_corr:LAC:1.08:LAC RB1 yr2 - McDaniel zone run scheme] [consensus_floor:13.0:RB10 consensus - LAC yr2],,,,,,,,,22.8,1.8000000000000007,22.8,10.0,11,-1.0,1.8000000000000007,NEUTRAL
22,D'Andre Swift,RB,CHI,14.0,,14.0,,14.0,PROVEN_ELITE,63.1,6,Elite,,,2025*0.50+2024*0.30+2023*0.20+rel[PROVEN_ELITE*1.12],,,,,,,,,40.8,18.799999999999997,40.8,12.0,12,0.0,18.799999999999997,NEUTRAL
23,Kyren Williams,RB,LAR,13.96,,13.96,,13.96,PROVEN_SOLID,64.0,3,RB1/2,,,"2025*0.50+2024*0.30+2023*0.20+rel[PROVEN_SOLID*1.06] [team_corr:LAR:0.8:LAR 60/40 with Corum — lead back, not a top-5 overall]",,,,,,,,,,,,,13,,,UNKNOWN
24,Kenneth Walker III,RB,KC,13.87,,13.87,,13.87,PROVEN_ELITE,70.3,4,RB1/2,,,2025*0.50+2024*0.30+2023*0.20+rel[PROVEN_ELITE*1.12],,,,,,,,,,,,,14,,,UNKNOWN
26,TreVeyon Henderson,RB,NE,12.92,,12.92,,12.92,EMERGING,65.0,1,RB1/2,,,2025_only+rel[EMERGING*1.00] [sophomore_leap_player] [team_corr:NE:1.0:NE RB1 - Patriots offense] [consensus_floor:13.5:RB9 consensus],,,,,,,,,,,,,15,,,UNKNOWN
29,Javonte Williams,RB,DAL,13.5,,13.5,,13.5,PROVEN_SOLID,76.3,4,RB1/2,,,2025*0.50+2024*0.30+2023*0.20+rel[PROVEN_SOLID*1.06] [adp_ecr_floor:13.5],,,,,,,,,24.0,-5.0,24.0,11.0,16,-5.0,-5.0,FADE
30,Jeremiyah Love,RB,ARI,13.5,,13.5,,13.5,UNPROVEN,67.6,0,RB1/2,,,sleeper_roster+adp_prior [adp_ecr_floor:13.5],,,,,,,,,,,,,17,,,UNKNOWN
31,Chase Brown,RB,CIN,13.5,,13.5,,13.5,EMERGING,75.0,2,RB1/2,,,2025*0.50+2024*0.30+2023*0.20+rel[EMERGING*1.03] [team_corr:CIN:1.05:CIN RB1 - Burrow healthy] [consensus_floor:13.5:RB8-15 consensus breakout] [adp_ecr_floor:13.5],,,,,,,,,13.7,-17.3,13.7,6.0,18,-12.0,-17.3,FADE
33,Aaron Jones,RB,MIN,13.0,,13.0,,13.0,PROVEN_ELITE,65.4,6,RB1/2,,,2025*0.50+2024*0.30+2023*0.20+rel[PROVEN_ELITE*1.12],,,,,,,,,,,,,19,,,UNKNOWN
35,Quinshon Judkins,RB,CLE,12.0,,12.0,,12.0,UNPROVEN,61.8,1,RB1/2,,,2025_only+rel[UNPROVEN*0.92] [adp_ecr_floor:12.0],,,,,,,,,,,,,20,,,UNKNOWN
36,Ollie Gordon II,RB,MIA,12.0,,12.0,,12.0,UNPROVEN,38.3,1,RB1/2,,,2025_only+starter_floor_soft+rel[UNPROVEN*0.92] [adp_ecr_floor:12.0],,,,,,,,,,,,,21,,,UNKNOWN
37,Bhayshul Tuten,RB,JAX,12.0,,12.0,,12.0,UNPROVEN,50.5,1,RB1/2,,,2025_only+starter_floor_soft+rel[UNPROVEN*0.92] [adp_ecr_floor:12.0],,,,,,,,,,,,,22,,,UNKNOWN
39,Rhamondre Stevenson,RB,NE,12.69,,12.69,,12.69,PROVEN_ELITE,66.0,5,RB1/2,,,2025*0.50+2024*0.30+2023*0.20+rel[PROVEN_ELITE*1.12],,,,,,,,,56.2,17.200000000000003,56.2,14.0,23,-9.0,17.200000000000003,FADE
40,J.K. Dobbins,RB,DEN,13.08,,13.08,,13.08,PROVEN_ELITE,77.8,4,RB1/2,,,2025*0.50+2024*0.30+rel[PROVEN_ELITE*1.12],,,,,,,,,,,,,24,,,UNKNOWN
54,Bucky Irving,RB,TB,12.0,,12.0,,12.0,UNPROVEN,65.0,2,RB3,,,2025*0.50+2024*0.30+rel[UNPROVEN*0.92] [team_corr:TB:1.0:TB RB1 - Reich scheme] [consensus_floor:12.0:RB14 consensus TB] [adp_ecr_floor:12.0],,,,,,,,,,,,,25,,,UNKNOWN
67,David Montgomery,RB,HOU,10.94,,10.94,,10.94,PROVEN_ELITE,62.0,6,RB3,,,2025*0.50+2024*0.30+2023*0.20+rel[PROVEN_ELITE*1.12] [team_corr:HOU:0.85:Traded to Texans from Lions],,,,,,,,,54.8,-12.200000000000003,54.8,13.0,26,-13.0,-12.200000000000003,FADE
69,Rico Dowdle,RB,PIT,10.71,,10.71,,10.71,VOLATILE,60.4,3,RB3,,,2025*0.50+2024*0.30+2023*0.20+rel[VOLATILE*0.88] [adp_ecr_floor:10.2] [camp_notes:POSITIVE:1.05:That cleared the way for Rico Dowdle to take over the backfield.],,,,,,,,POSITIVE,,,,,27,,,UNKNOWN
83,Alvin Kamara,RB,NO,10.54,,10.54,,10.54,VOLATILE,59.0,6,RB3,,,2025*0.50+2024*0.30+2023*0.20+rel[VOLATILE*0.88],,,,,,,,,,,,,28,,,UNKNOWN
84,Jadarian Price,RB,SEA,10.21,,10.21,,10.21,UNPROVEN,71.8,0,RB3,,,sleeper_roster+adp_prior,,,,,,,,,61.1,-22.9,61.1,15.0,29,-14.0,-22.9,FADE
85,Chuba Hubbard,RB,CAR,10.2,,10.2,,10.2,VOLATILE,58.9,5,RB3,,,2025*0.50+2024*0.30+2023*0.20+rel[VOLATILE*0.88] [adp_ecr_floor:10.2],,,,,,,,,,,,,30,,,UNKNOWN
86,Kenny Gainwell,RB,TB,10.2,,10.2,,10.2,UNPROVEN,63.5,0,RB3,,,sleeper_roster+adp_prior,,,,,,,,,,,,,31,,,UNKNOWN
87,Tony Pollard,RB,TEN,10.2,,10.2,,10.2,VOLATILE,68.3,6,RB3,,,2025*0.50+2024*0.30+2023*0.20+rel[VOLATILE*0.88] [adp_ecr_floor:10.2],,,,,,,,,,,,,32,,,UNKNOWN
88,Jacory Croskey-Merritt,RB,WAS,10.2,,10.2,,10.2,UNPROVEN,66.7,1,RB3,,,2025_only+rel[UNPROVEN*0.92] [adp_ecr_floor:10.2],,,,,,,,,,,,,33,,,UNKNOWN
89,Jaylen Warren,RB,PIT,10.2,,10.2,,10.2,VOLATILE,48.4,4,RB3,,,2025*0.50+2024*0.30+2023*0.20+rel[VOLATILE*0.88] [adp_ecr_floor:10.2],,,,,,,,,,,,,34,,,UNKNOWN
93,Blake Corum,RB,LAR,10.0,,10.0,,10.0,VOLATILE,57.7,2,Flex,,,2025*0.50+2024*0.30+starter_floor_soft+rel[VOLATILE*0.88] [adp_ecr_floor:10.0],,,,,,,,,132.2,39.19999999999999,132.2,18.0,35,-17.0,39.19999999999999,FADE
94,MarShawn Lloyd,RB,GB,10.0,,10.0,,10.0,UNPROVEN,46.8,0,RB3,,,adp_market_floor+rel[UNPROVEN*0.92] [adp_ecr_floor:10.0],,,,,,,,,115.3,21.299999999999997,115.3,17.0,36,-19.0,21.299999999999997,FADE
95,Tyjae Spears,RB,TEN,10.0,,10.0,,10.0,PROVEN_SOLID,56.3,3,RB3,,,2025*0.50+2024*0.30+2023*0.20+starter_floor_soft+rel[PROVEN_SOLID*1.06] [adp_ecr_floor:10.0],,,,,,,,,,,,,37,,,UNKNOWN
96,RJ Harvey,RB,DEN,10.0,,10.0,,10.0,UNPROVEN,65.8,1,Flex,,,2025_only+rel[UNPROVEN*0.92] [adp_ecr_floor:10.0],,,,,,,,,,,,,38,,,UNKNOWN
97,Kyle Monangai,RB,CHI,10.0,,10.0,,10.0,UNPROVEN,51.1,1,Flex,,,2025_only+starter_floor_soft+rel[UNPROVEN*0.92] [adp_ecr_floor:10.0],,,,,,,,,,,,,39,,,UNKNOWN
106,De'Von Achane,RB,MIA,9.09,,9.09,,9.09,PROVEN_SOLID,58.3,3,Flex,,,2025*0.50+2024*0.30+2023*0.20+rel[PROVEN_SOLID*1.06] [camp_notes:IR:0.5:De'Von Achane listed as IR. ],,,,,,,,IR,,,,,40,,,UNKNOWN
114,Breece Hall,RB,NYJ,8.78,,8.78,,8.78,PROVEN_SOLID,59.7,3,Flex,,,"2025*0.50+2024*0.30+2023*0.20+rel[PROVEN_SOLID*1.06] [adp_ecr_floor:13.5] [camp_notes:SEVERE:0.65:Breece Hall Ruled out for Sunday's game RB New York Jets Quadriceps October 2, 2026 Hall (quadriceps) is out for Sunday's game at Chicago, according to Zack Rosenblatt of The Athletic . ANALYSIS Subscribe now to instantly reveal our take on]",,,,,,,,SEVERE,,,,,41,,,UNKNOWN
122,Chris Rodriguez Jr.,RB,JAX,8.5,,8.5,,8.5,UNPROVEN,62.5,1,Flex,,,2025*0.50+2023*0.20+starter_floor_soft+rel[UNPROVEN*0.92] [adp_ecr_floor:8.5],,,,,,,,,,,,,42,,,UNKNOWN
123,Woody Marks,RB,HOU,8.5,,8.5,,8.5,UNPROVEN,62.8,1,Flex,,,2025_only+rel[UNPROVEN*0.92] [adp_ecr_floor:8.5],,,,,,,,,140.4,17.400000000000006,140.4,19.0,43,-24.0,17.400000000000006,FADE
124,Tyrone Tracy Jr.,RB,NYG,8.5,,8.5,,8.5,EMERGING,50.0,2,Flex,,,2025*0.50+2024*0.30+rel[EMERGING*1.03] [team_corr:NYG:0.72:NYG RB2 behind Skattebo] [adp_ecr_floor:8.5],,,,,,,,,,,,,44,,,UNKNOWN
129,Najee Harris,RB,NYG,8.57,,8.57,,8.57,PROVEN_ELITE,67.6,4,Flex,,,2024*0.30+2023*0.20+no_2025*0.72+rel[PROVEN_ELITE*1.12],,,,,,,,,,,,,45,,,UNKNOWN
130,Braelon Allen,RB,NYJ,8.5,,8.5,,8.5,UNPROVEN,31.7,1,Flex,,,2025*0.50+2024*0.30+rel[UNPROVEN*0.92] [adp_ecr_floor:8.5],,,,,,,,,,,,,46,,,UNKNOWN
135,Michael Carter,RB,TEN,7.64,,7.64,,7.64,PROVEN_SOLID,48.3,3,Flex,,,2025*0.50+2023*0.20+starter_floor_soft+rel[PROVEN_SOLID*1.06],,,,,,,,,,,,,47,,,UNKNOWN
136,Tyler Allgeier,RB,ARI,7.6,,7.6,,7.6,PROVEN_SOLID,47.6,4,Flex,,,2025*0.50+2024*0.30+2023*0.20+starter_floor_soft+rel[PROVEN_SOLID*1.06],,,,,,,,,,,,,48,,,UNKNOWN
137,Devin Singletary,RB,NYG,7.59,,7.59,,7.59,PROVEN_SOLID,59.6,6,Handcuff,,,2025*0.50+2024*0.30+2023*0.20+starter_floor_soft+rel[PROVEN_SOLID*1.06],,,,,,,,,,,,,49,,,UNKNOWN
143,Emari Demercado,RB,DAL,7.24,,7.24,,7.24,PROVEN_SOLID,64.3,3,Handcuff,,,2025*0.50+2024*0.30+2023*0.20+starter_floor_soft+rel[PROVEN_SOLID*1.06],,,,,,,,,,,,,50,,,UNKNOWN
144,Ty Johnson,RB,BUF,6.9,,6.9,,6.9,PROVEN_SOLID,65.0,5,Handcuff,,,2025*0.50+2024*0.30+2023*0.20+starter_floor_soft+rel[PROVEN_SOLID*1.06],,,,,,,,,,,,,51,,,UNKNOWN
145,Sean Tucker,RB,TB,6.79,,6.79,,6.79,EMERGING,55.5,2,Handcuff,,,2025*0.50+2024*0.30+starter_floor_soft+rel[EMERGING*1.03],,,,,,,,,,,,,52,,,UNKNOWN
147,Keaton Mitchell,RB,LAC,6.71,,6.71,,6.71,UNPROVEN,44.8,1,Handcuff,,,2025*0.50+2023*0.20+starter_floor_soft+rel[UNPROVEN*0.92],,,,,,,,,,,,,53,,,UNKNOWN
151,Brian Robinson,RB,ATL,6.53,,6.53,,6.53,VOLATILE,60.6,4,Handcuff,,,2025*0.50+2024*0.30+2023*0.20+starter_floor_soft+rel[VOLATILE*0.88],,,,,,,,,,,,,54,,,UNKNOWN
152,Kaelon Black,RB,SF,6.5,,6.5,,6.5,UNPROVEN,69.5,0,Handcuff,,,sleeper_roster+adp_prior,,,,,,,,,,,,,55,,,UNKNOWN
153,Rachaad White,RB,WAS,6.5,,6.5,,6.5,PROVEN_SOLID,78.7,4,Handcuff,,,"2025*0.50+2024*0.30+2023*0.20+rel[PROVEN_SOLID*1.06] [adp_ecr_floor:10.0] [camp_notes:SEVERE:0.65:Rachaad White Ruled out for Week 4 RB Washington Commanders Shoulder October 2, 2026 White (shoulder) has been ruled out for Sunday's game against the Colts. ANALYSIS Subscribe now to instantly reveal our take on this news.]",,,,,,,,SEVERE,,,,,56,,,UNKNOWN
154,Mike Washington,RB,LV,6.5,,6.5,,6.5,UNPROVEN,51.9,0,Handcuff,,,sleeper_roster+adp_prior,,,,,,,,,,,,,57,,,UNKNOWN
159,Isaac Guerendo,RB,SF,6.35,,6.35,,6.35,UNPROVEN,61.5,1,Handcuff,,,2024_only*0.85+starter_floor_soft+rel[UNPROVEN*0.92],,,,,,,,,,,,,58,,,UNKNOWN
160,Jaleel McLaughlin,RB,CLE,6.48,,6.48,,6.48,PROVEN_SOLID,49.8,3,Handcuff,,,2025*0.50+2024*0.30+2023*0.20+starter_floor_soft+rel[PROVEN_SOLID*1.06],,,,,,,,,,,,,59,,,UNKNOWN
174,Austin Ekeler,RB,WAS,6.35,,6.35,,6.35,VOLATILE,58.7,5,Handcuff,,,2024*0.30+2023*0.20+no_2025*0.72+rel[VOLATILE*0.88],,,,,,,,,,,,,60,,,UNKNOWN
175,Kimani Vidal,RB,LAC,6.0,,6.0,,6.0,VOLATILE,52.8,2,Handcuff,,,2025*0.50+2024*0.30+starter_floor_soft+rel[VOLATILE*0.88],,,,,,,,,,,,,61,,,UNKNOWN
177,Jaydon Blue,RB,PHI,5.98,,5.98,,5.98,UNPROVEN,68.5,0,Handcuff,,,2025_small_sample(3g)_regressed+rel[UNPROVEN*0.92] [adp_ecr_floor:6.0],,,,,,,,,,,,,62,,,UNKNOWN
178,Tank Bigsby,RB,PHI,5.98,,5.98,,5.98,UNPROVEN,60.5,2,Handcuff,,,2025*0.50+2024*0.30+2023*0.20+starter_floor_soft+rel[UNPROVEN*0.92] [adp_ecr_floor:6.0],,,,,,,,,,,,,63,,,UNKNOWN
184,Isaiah Davis,RB,NYJ,5.78,,5.78,,5.78,UNPROVEN,47.7,2,Handcuff,,,2025*0.50+2024*0.30+starter_floor_soft+rel[UNPROVEN*0.92],,,,,,,,,,,,,64,,,UNKNOWN
190,Phil Mafah,RB,NYG,5.66,,5.66,,5.66,UNPROVEN,51.6,0,Handcuff,,,2025_small_sample(1g)_regressed+rel[UNPROVEN*0.92],,,,,,,,,,,,,65,,,UNKNOWN
191,DJ Giddens,RB,IND,5.65,,5.65,,5.65,UNPROVEN,62.0,0,Handcuff,,,2025_small_sample(3g)_regressed+rel[UNPROVEN*0.92],,,,,,,,,,,,,66,,,UNKNOWN
193,Tahj Brooks,RB,CIN,5.63,,5.63,,5.63,UNPROVEN,49.0,0,Handcuff,,,2025_small_sample(2g)_regressed+rel[UNPROVEN*0.92],,,,,,,,,,,,,67,,,UNKNOWN
194,British Brooks,RB,HOU,5.62,,5.62,,5.62,UNPROVEN,46.8,0,Handcuff,,,2025_small_sample(2g)_regressed+rel[UNPROVEN*0.92],,,,,,,,,,,,,68,,,UNKNOWN
195,Nate Carter,RB,KC,5.6,,5.6,,5.6,UNPROVEN,58.3,0,Handcuff,,,2025_small_sample(2g)_regressed+rel[UNPROVEN*0.92],,,,,,,,,,,,,69,,,UNKNOWN
196,Ray Davis,RB,BUF,5.6,,5.6,,5.6,UNPROVEN,57.0,2,Handcuff,,,2025*0.50+2024*0.30+starter_floor_soft+rel[UNPROVEN*0.92],,,,,,,,,,,,,70,,,UNKNOWN
198,Reggie Gilliam,RB,NE,5.58,,5.58,,5.58,UNPROVEN,38.0,0,Handcuff,,,2025_small_sample(1g)_regressed+rel[UNPROVEN*0.92],,,,,,,,,,,,,71,,,UNKNOWN
199,Jordan James,RB,SF,5.57,,5.57,,5.57,UNPROVEN,53.5,0,Handcuff,,,2025_small_sample(1g)_regressed+rel[UNPROVEN*0.92],,,,,,,,,,,,,72,,,UNKNOWN
200,Dylan Laube,RB,LV,5.57,,5.57,,5.57,UNPROVEN,43.9,0,Handcuff,,,2025_small_sample(1g)_regressed+rel[UNPROVEN*0.92],,,,,,,,,,,,,73,,,UNKNOWN
204,Jack Westover,RB,WAS,5.55,,5.55,,5.55,UNPROVEN,50.7,0,Handcuff,,,2025_small_sample(1g)_regressed+rel[UNPROVEN*0.92],,,,,,,,,,,,,74,,,UNKNOWN
205,Jacardia Wright,RB,SEA,5.55,,5.55,,5.55,UNPROVEN,43.8,0,Handcuff,,,2025_small_sample(1g)_regressed+rel[UNPROVEN*0.92],,,,,,,,,,,,,75,,,UNKNOWN
206,Josh Williams,RB,TB,5.54,,5.54,,5.54,UNPROVEN,47.5,0,Handcuff,,,2025_small_sample(1g)_regressed+rel[UNPROVEN*0.92],,,,,,,,,,,,,76,,,UNKNOWN
207,Corey Kiner,RB,NE,5.54,,5.54,,5.54,UNPROVEN,46.0,0,Handcuff,,,2025_small_sample(3g)_regressed+rel[UNPROVEN*0.92],,,,,,,,,,,,,77,,,UNKNOWN
208,Jacob Saylors,RB,DET,5.54,,5.54,,5.54,UNPROVEN,53.3,0,Handcuff,,,2025_small_sample(1g)_regressed+rel[UNPROVEN*0.92],,,,,,,,,,,,,78,,,UNKNOWN
209,Frank Gore Jr.,RB,BUF,5.53,,5.53,,5.53,UNPROVEN,49.0,0,Handcuff,,,2025_small_sample(1g)_regressed+rel[UNPROVEN*0.92],,,,,,,,,,,,,79,,,UNKNOWN
210,James Conner,RB,ARI,5.81,,5.81,,5.81,PROVEN_ELITE,55.6,5,Handcuff,,,2024*0.30+2023*0.20+no_2025*0.72+rel[PROVEN_ELITE*1.12] [camp_notes:IR:0.5:James Conner listed as IR. ],,,,,,,,IR,,,,,80,,,UNKNOWN
212,Travis Etienne,RB,NO,5.46,,5.46,,5.46,VOLATILE,71.0,4,Handcuff,,,2025*0.50+2024*0.30+2023*0.20+rel[VOLATILE*0.88] [camp_notes:IR:0.5:Travis Etienne listed as IR. ],,,,,,,,IR,,,,,81,,,UNKNOWN
214,Jawhar Jordan,RB,HOU,5.41,,5.41,,5.41,UNPROVEN,54.8,0,Handcuff,,,2025_small_sample(3g)_regressed+rel[UNPROVEN*0.92],,,,,,,,,,,,,82,,,UNKNOWN
218,Justice Hill,RB,BAL,5.66,,5.66,,5.66,VOLATILE,49.1,3,Handcuff,,,2025*0.50+2024*0.30+2023*0.20+rel[VOLATILE*0.88],,,,,,,,,,,,,83,,,UNKNOWN
220,Emanuel Wilson,RB,SEA,5.33,,5.33,,5.33,UNPROVEN,51.8,2,Handcuff,,,2025*0.50+2024*0.30+2023*0.20+starter_floor_soft+rel[UNPROVEN*0.92],,,,,,,,,,,,,84,,,UNKNOWN
221,Brashard Smith,RB,KC,5.32,,5.32,,5.32,UNPROVEN,50.3,1,Handcuff,,,2025_only+starter_floor_soft+rel[UNPROVEN*0.92],,,,,,,,,,,,,85,,,UNKNOWN
223,Ameer Abdullah,RB,JAX,5.31,,5.31,,5.31,VOLATILE,42.5,5,Handcuff,,,2025*0.50+2024*0.30+2023*0.20+starter_floor_soft+rel[VOLATILE*0.88],,,,,,,,,,,,,86,,,UNKNOWN
224,Kene Nwangwu,RB,NYJ,5.58,,5.58,,5.58,UNPROVEN,39.7,0,Handcuff,,,2025_small_sample(2g)_regressed+rel[UNPROVEN*0.92],,,,,,,,,,,,,87,,,UNKNOWN
225,Velus Jones Jr.,RB,SEA,5.58,,5.58,,5.58,UNPROVEN,43.8,0,Handcuff,,,2025_small_sample(1g)_regressed+rel[UNPROVEN*0.92],,,,,,,,,,,,,88,,,UNKNOWN
227,Zavier Scott,RB,CHI,5.27,,5.27,,5.27,UNPROVEN,35.1,1,Handcuff,,,2025_only+starter_floor_soft+rel[UNPROVEN*0.92],,,,,,,,,,,,,89,,,UNKNOWN
228,Samaje Perine,RB,CIN,5.26,,5.26,,5.26,VOLATILE,57.0,6,Handcuff,,,2025*0.50+2024*0.30+2023*0.20+starter_floor_soft+rel[VOLATILE*0.88],,,,,,,,,,,,,90,,,UNKNOWN
230,Devin Neal,RB,MIN,5.2,,5.2,,5.2,UNPROVEN,45.4,0,Handcuff,,,2025_only+rel[UNPROVEN*0.92],,,,,,,,,,,,,91,,,UNKNOWN
235,Jonathon Brooks,RB,CAR,5.1,,5.1,,5.1,UNPROVEN,46.9,0,Handcuff,,,adp_market_floor+rel[UNPROVEN*0.92] [adp_ecr_floor:10.2] [camp_notes:IR:0.5:Jonathon Brooks listed as IR. ],,,,,,,,IR,,,,,92,,,UNKNOWN
240,Jordan Mason,RB,MIN,5.0,,5.0,,5.0,VOLATILE,53.4,3,Handcuff,,,2025*0.50+2024*0.30+2023*0.20+starter_floor_soft+rel[VOLATILE*0.88] [adp_ecr_floor:10.0] [camp_notes:IR:0.5:Jordan Mason listed as IR. ],,,,,,,,IR,110.9,-129.1,110.9,16.0,93,-77.0,-129.1,FADE
247,Jaylen Wright,RB,MIA,5.07,,5.07,,5.07,VOLATILE,46.3,2,Handcuff,,,2025*0.50+2024*0.30+starter_floor_soft+rel[VOLATILE*0.88],,,,,,,,,,,,,94,,,UNKNOWN
249,Sincere McCormick,RB,SF,4.73,,4.73,,4.73,UNPROVEN,53.5,0,Handcuff,,,2024_only*0.85+rel[UNPROVEN*0.92],,,,,,,,,,,,,95,,,UNKNOWN
264,Chris Brooks,RB,GB,4.63,,4.63,,4.63,UNPROVEN,54.8,2,Handcuff,,,2025*0.50+2024*0.30+starter_floor_soft+rel[UNPROVEN*0.92],,,,,,,,,,,,,96,,,UNKNOWN
267,Zach Charbonnet,RB,SEA,4.6,,4.6,,4.6,PROVEN_SOLID,59.8,3,Handcuff,,,2025*0.50+2024*0.30+2023*0.20+rel[PROVEN_SOLID*1.06] [camp_research:PUP:0.45:ACL PUP — not a Week 1 back and likely misses the first 1–2 months. Price is the early-season SEA RB. Late-round stash only.],,,,,,,,PUP,,,,,97,,,UNKNOWN
279,LeQuint Allen Jr.,RB,JAX,4.39,,4.39,,4.39,UNPROVEN,34.5,1,Handcuff,,,2025_only+starter_floor_soft+rel[UNPROVEN*0.92],,,,,,,,,,,,,98,,,UNKNOWN
287,Raheim Sanders,RB,CLE,4.32,,4.32,,4.32,UNPROVEN,33.8,0,Handcuff,,,2025_only+rel[UNPROVEN*0.92],,,,,,,,,,,,,99,,,UNKNOWN
289,Tyler Badie,RB,DEN,4.3,,4.3,,4.3,UNPROVEN,49.8,1,Handcuff,,,2025_only+starter_floor_soft+rel[UNPROVEN*0.92],,,,,,,,,,,,,100,,,UNKNOWN
294,Isiah Pacheco,RB,DET,4.25,,4.25,,4.25,VOLATILE,61.3,4,Handcuff,,,2025*0.50+2024*0.30+2023*0.20+starter_floor_soft+rel[VOLATILE*0.88] [adp_ecr_floor:8.5] [availability:0.50],,,,,,,,,,,,,101,,,UNKNOWN
301,Kendre Miller,RB,NO,4.25,,4.25,,4.25,UNPROVEN,51.0,0,Handcuff,,,2025*0.50+2024*0.30+2023*0.20+rel[UNPROVEN*0.92],,,,,,,,,,,,,102,,,UNKNOWN
302,Roschon Johnson,RB,CHI,4.25,,4.25,,4.25,EMERGING,35.1,2,Handcuff,,,2024*0.30+2023*0.20+no_2025*0.72+rel[EMERGING*1.03],,,,,,,,,,,,,103,,,UNKNOWN
304,Khalil Herbert,RB,ATL,4.09,,4.09,,4.09,PROVEN_SOLID,44.6,3,Handcuff,,,2024*0.30+2023*0.20+no_2025*0.72+rel[PROVEN_SOLID*1.06],,,,,,,,,,,,,104,,,UNKNOWN
310,Salvon Ahmed,RB,CHI,3.67,,3.67,,3.67,UNPROVEN,35.1,1,Handcuff,,,2023_old*0.80+rel[UNPROVEN*0.92],,,,,,,,,,,,,105,,,UNKNOWN
334,George Holani,RB,SEA,3.41,,3.41,,3.41,UNPROVEN,43.8,0,Handcuff,,,2025_only+rel[UNPROVEN*0.92],,,,,,,,,,,,,106,,,UNKNOWN
353,Jonah Coleman,RB,DEN,3.25,,3.25,,3.25,UNPROVEN,57.8,0,Handcuff,,,sleeper_roster+adp_prior [availability:0.50],,,,,,,,,,,,,107,,,UNKNOWN
359,Tyler Goodson,RB,DAL,3.38,,3.38,,3.38,UNPROVEN,48.3,0,Handcuff,,,2024_only*0.85+rel[UNPROVEN*0.92],,,,,,,,,,,,,108,,,UNKNOWN
361,Dylan Sampson,RB,CLE,3.17,,3.17,,3.17,UNPROVEN,41.8,1,Handcuff,,,2025_only+starter_floor_soft+rel[UNPROVEN*0.92] [availability:0.50],,,,,,,,,,,,,109,,,UNKNOWN
369,Jeremy McNichols,RB,WAS,3.04,,3.04,,3.04,BASELINE,50.7,4,Handcuff,,,2025*0.50+2024*0.30+starter_floor_soft+rel[BASELINE*1.00] [availability:0.50],,,,,,,,,,,,,110,,,UNKNOWN
380,Brittain Brown,RB,CHI,2.83,,2.83,,2.83,UNPROVEN,43.1,0,Handcuff,,,2025_small_sample(1g)_regressed+rel[UNPROVEN*0.92] [availability:0.50],,,,,,,,,,,,,111,,,UNKNOWN
385,AJ Dillon,RB,CAR,2.79,,2.79,,2.79,VOLATILE,38.9,4,Handcuff,,,2025*0.50+2023*0.20+rel[VOLATILE*0.88],,,,,,,,,,,,,112,,,UNKNOWN
386,Dameon Pierce,RB,PHI,2.93,,2.93,,2.93,VOLATILE,52.5,2,Handcuff,,,2024*0.30+2023*0.20+no_2025*0.72+rel[VOLATILE*0.88],,,,,,,,,,,,,113,,,UNKNOWN
393,Andrew Beck,RB,NYJ,2.66,,2.66,,2.66,UNPROVEN,31.7,0,Handcuff,,,2025_only+rel[UNPROVEN*0.92],,,,,,,,,,,,,114,,,UNKNOWN
395,Ronnie Rivers,RB,LAR,2.79,,2.79,,2.79,UNPROVEN,49.7,0,Handcuff,,,2025_small_sample(1g)_regressed+rel[UNPROVEN*0.92] [availability:0.50],,,,,,,,,,,,,115,,,UNKNOWN
400,Zamir White,RB,NO,2.66,,2.66,,2.66,UNPROVEN,43.0,1,Handcuff,,,2024*0.30+2023*0.20+no_2025*0.72+rel[UNPROVEN*0.92],,,,,,,,,,,,,116,,,UNKNOWN
406,Will Shipley,RB,PHI,2.37,,2.37,,2.37,UNPROVEN,52.5,0,Handcuff,,,2025*0.50+2024*0.30+rel[UNPROVEN*0.92],,,,,,,,,,,,,117,,,UNKNOWN
409,Trey Sermon,RB,ATL,2.32,,2.32,,2.32,UNPROVEN,52.6,1,Handcuff,,,2024*0.30+2023*0.20+no_2025*0.72+starter_floor_soft+rel[UNPROVEN*0.92] [availability:0.50],,,,,,,,,,,,,118,,,UNKNOWN
410,Craig Reynolds,RB,WAS,2.44,,2.44,,2.44,UNPROVEN,50.7,0,Handcuff,,,2024*0.30+2023*0.20+no_2025*0.72+rel[UNPROVEN*0.92],,,,,,,,,,,,,119,,,UNKNOWN
414,Frank Gore,RB,BUF,2.26,,2.26,,2.26,UNPROVEN,49.0,1,Handcuff,,,2020_ancient*0.40+rel[UNPROVEN*0.92],,,,,,,,,,,,,120,,,UNKNOWN
417,Malik Davis,RB,DAL,2.19,,2.19,,2.19,UNPROVEN,56.3,0,Handcuff,,,2025_only+rel[UNPROVEN*0.92] [availability:0.50],,,,,,,,,,,,,121,,,UNKNOWN
423,Rasheen Ali,RB,BAL,2.21,,2.21,,2.21,UNPROVEN,33.1,0,Handcuff,,,2025_only+rel[UNPROVEN*0.92],,,,,,,,,,,,,122,,,UNKNOWN
424,Dare Ogunbowale,RB,HOU,2.14,,2.14,,2.14,UNPROVEN,46.8,2,Handcuff,,,2025*0.50+2024*0.30+2023*0.20+rel[UNPROVEN*0.92],,,,,,,,,,,,,123,,,UNKNOWN
431,Pierre Strong,RB,GB,1.84,,1.84,,1.84,UNPROVEN,38.8,1,Handcuff,,,2024*0.30+2023*0.20+no_2025*0.72+rel[UNPROVEN*0.92],,,,,,,,,,,,,124,,,UNKNOWN
433,Israel Abanikanda,RB,DAL,1.81,,1.81,,1.81,UNPROVEN,48.3,0,Handcuff,,,2023_old*0.80+rel[UNPROVEN*0.92],,,,,,,,,,,,,125,,,UNKNOWN
439,DeeJay Dallas,RB,MIN,1.76,,1.76,,1.76,UNPROVEN,37.4,2,Handcuff,,,2024_only*0.85+rel[UNPROVEN*0.92],,,,,,,,,,,,,126,,,UNKNOWN
444,Travis Homer,RB,PIT,1.61,,1.61,,1.61,UNPROVEN,40.4,1,Handcuff,,,2022_ancient*0.40+rel[UNPROVEN*0.92],,,,,,,,,,,,,127,,,UNKNOWN
452,Ty Chandler,RB,NO,1.43,,1.43,,1.43,UNPROVEN,43.0,1,Handcuff,,,2024*0.30+2023*0.20+no_2025*0.72+rel[UNPROVEN*0.92] [availability:0.50],,,,,,,,,,,,,128,,,UNKNOWN
453,Carson Steele,RB,PHI,1.34,,1.34,,1.34,UNPROVEN,52.5,0,Handcuff,,,2024_only*0.85+rel[UNPROVEN*0.92],,,,,,,,,,,,,129,,,UNKNOWN
454,Julius Chestnut,RB,TEN,1.37,,1.37,,1.37,UNPROVEN,40.3,0,Handcuff,,,2024_only*0.85+rel[UNPROVEN*0.92],,,,,,,,,,,,,130,,,UNKNOWN
455,Ito Smith,RB,DAL,1.28,,1.28,,1.28,UNPROVEN,48.3,1,Handcuff,,,2020_ancient*0.40+rel[UNPROVEN*0.92],,,,,,,,,,,,,131,,,UNKNOWN
461,Eric Gray,RB,CLE,1.09,,1.09,,1.09,UNPROVEN,33.8,0,Handcuff,,,2024*0.30+2023*0.20+no_2025*0.72+rel[UNPROVEN*0.92],,,,,,,,,,,,,132,,,UNKNOWN
465,Evan Hull,RB,ARI,0.89,,0.89,,0.89,UNPROVEN,39.6,0,Handcuff,,,2025_only+rel[UNPROVEN*0.92],,,,,,,,,,,,,133,,,UNKNOWN
469,Kaleb Johnson,RB,GB,0.75,,0.75,,0.75,UNPROVEN,38.8,0,Handcuff,,,2025_only+rel[UNPROVEN*0.92],,,,,,,,,,,,,134,,,UNKNOWN
470,Jalen Richard,RB,LV,0.74,,0.74,,0.74,UNPROVEN,35.9,1,Handcuff,,,2021_ancient*0.40+rel[UNPROVEN*0.92],,,,,,,,,,,,,135,,,UNKNOWN
476,Trevor Etienne,RB,CAR,0.65,,0.65,,0.65,UNPROVEN,30.9,0,Handcuff,,,2025_only+rel[UNPROVEN*0.92] [availability:0.50],,,,,,,,,,,,,136,,,UNKNOWN
532,Brady Russell,RB,SEA,0.4425,,0.4425,,0.4425,UNPROVEN,43.8,0,Handcuff,,,rookie_baseline_depth+rel[UNPROVEN*0.92],,,,,,,,,,,,,137,,,UNKNOWN
533,Wendell Smallwood,RB,WAS,0.4425,,0.4425,,0.4425,UNPROVEN,50.7,0,Handcuff,,,rookie_baseline_depth+rel[UNPROVEN*0.92],,,,,,,,,,,,,138,,,UNKNOWN
534,Ulysses Bentley IV,RB,NO,0.4425,,0.4425,,0.4425,UNPROVEN,43.0,0,Handcuff,,,rookie_baseline_depth+rel[UNPROVEN*0.92],,,,,,,,,,,,,139,,,UNKNOWN
535,Cody Schrader,RB,DEN,0.441,,0.441,,0.441,UNPROVEN,49.8,0,Handcuff,,,rookie_baseline_depth+rel[UNPROVEN*0.92],,,,,,,,,,,,,140,,,UNKNOWN
536,Kendall Milton,RB,CIN,0.441,,0.441,,0.441,UNPROVEN,41.0,0,Handcuff,,,rookie_baseline_depth+rel[UNPROVEN*0.92],,,,,,,,,,,,,141,,,UNKNOWN
537,Owen Wright,RB,LV,0.441,,0.441,,0.441,UNPROVEN,35.9,0,Handcuff,,,rookie_baseline_depth+rel[UNPROVEN*0.92],,,,,,,,,,,,,142,,,UNKNOWN
538,Adrian Killins,RB,DEN,0.441,,0.441,,0.441,UNPROVEN,49.8,0,Handcuff,,,rookie_baseline_depth+rel[UNPROVEN*0.92],,,,,,,,,,,,,143,,,UNKNOWN
539,Jonathan Ward,RB,BAL,0.441,,0.441,,0.441,UNPROVEN,41.1,0,Handcuff,,,rookie_baseline_depth+rel[UNPROVEN*0.92],,,,,,,,,,,,,144,,,UNKNOWN
540,Amar Johnson,RB,LAC,0.441,,0.441,,0.441,UNPROVEN,36.8,0,Handcuff,,,rookie_baseline_depth+rel[UNPROVEN*0.92],,,,,,,,,,,,,145,,,UNKNOWN
541,Kalel Mullings,RB,TEN,0.438,,0.438,,0.438,UNPROVEN,40.3,0,Handcuff,,,rookie_baseline_depth+rel[UNPROVEN*0.92],,,,,,,,,,,,,146,,,UNKNOWN
554,Sione Vaki,RB,DET,0.4425,,0.4425,,0.4425,UNPROVEN,45.3,0,Handcuff,,,rookie_baseline_depth+rel[UNPROVEN*0.92],,,,,,,,,,,,,147,,,UNKNOWN
556,Robbie Ouzts,RB,SEA,0.222,,0.222,,0.222,UNPROVEN,43.8,0,Handcuff,,,rookie_baseline_depth+rel[UNPROVEN*0.92] [availability:0.50],,,,,,,,,,,,,148,,,UNKNOWN
557,Chris Collier,RB,LV,0.2205,,0.2205,,0.2205,UNPROVEN,35.9,0,Handcuff,,,rookie_baseline_depth+rel[UNPROVEN*0.92] [availability:0.50],,,,,,,,,,,,,149,,,UNKNOWN
