Rank,Name,Team,Position,Opponent,Matchup_Grade,Edge_Score,Hidden_Score,Research_Score,Contextual_Score,Final_Score,Outlook,Live_Injury_Status,Top_Factor_1,Top_Factor_2,Bye_Week,ADP_Diff
1,Bijan Robinson,ATL,RB,KC,95.8,55.51,73.3,52.16,70.56,83.43,PLAY,Healthy,matchup (97),surface (83),1,-6.0
2,Alvin Kamara,NO,RB,PHI,99.2,60.98,63.92,55.62,71.3,82.23,PLAY,Healthy,matchup (100),surface (83),2,-5.8
3,Kyren Williams,LA,RB,SF,33.1,60.56,73.18,70.45,53.44,80.18,NEUTRAL,Healthy,environment (83),coach_fit (66),3,-5.7
4,Jonathan Taylor,IND,RB,CHI,44.5,66.38,70.99,55.03,59.26,79.61,NEUTRAL,Healthy,surface (83),environment (83),4,-5.5
5,Rhamondre Stevenson,NE,RB,NYJ,51.2,63.91,66.58,67.33,57.4,79.43,NEUTRAL,Healthy,environment (83),coach_fit (66),5,-5.4
6,Aaron Jones,MIN,RB,HOU,75.4,61.53,68.69,59.29,60.94,79.01,PLAY,Healthy,surface (83),environment (83),6,-5.2
7,Tony Pollard,TEN,RB,GB,62.5,66.38,69.59,53.93,59.89,78.78,NEUTRAL,Healthy,environment (83),coach_fit (66),7,-5.1
8,Joe Mixon,HOU,RB,MIN,72.2,63.85,68.64,53.94,62.04,78.68,PLAY,Healthy,environment (83),matchup (73),8,-5.0
9,Najee Harris,PIT,RB,LAC,63.5,57.83,67.68,63.86,60.12,77.96,PLAY,Healthy,environment (83),coach_fit (66),9,-4.8
10,Chuba Hubbard,CAR,RB,LV,47.4,58.32,69.74,54.95,59.08,74.98,NEUTRAL,Healthy,environment (83),surface (75),10,-4.6
11,Chase Brown,CIN,RB,WAS,34.9,63.74,70.64,55.88,53.02,73.79,NEUTRAL,Healthy,surface (83),environment (83),11,-4.5
12,Rico Dowdle,DAL,RB,BAL,66.9,58.84,68.22,59.4,55.74,73.59,NEUTRAL,Healthy,environment (83),matchup (68),12,-4.3
13,Joshua Kelley,TEN,RB,GB,62.5,48.84,67.33,64.15,59.89,73.57,NEUTRAL,Healthy,environment (83),coach_fit (66),13,-4.2
14,Josh Jacobs,GB,RB,TEN,35.3,60.48,71.05,56.02,53.91,73.28,NEUTRAL,Healthy,environment (83),coach_fit (66),14,-4.0
15,Saquon Barkley,PHI,RB,NO,23.8,62.92,71.58,54.52,51.37,72.18,NEUTRAL,Healthy,environment (83),coach_fit (66),1,-3.9
16,DK Metcalf,SEA,WR,MIA,84.9,58.77,65.76,49.29,60.16,71.27,PLAY,Healthy,matchup (86),surface (83),2,-3.8
17,Tyler Allgeier,ATL,RB,KC,95.8,44.73,60.11,59.83,67.23,71.11,PLAY,Healthy,matchup (97),environment (83),3,-3.6
18,Tyjae Spears,TEN,RB,GB,62.5,54.99,61.18,58.57,59.89,70.36,NEUTRAL,Healthy,environment (83),coach_fit (66),4,-3.4
19,Justin Jefferson,MIN,WR,HOU,34.6,69.92,70.16,48.39,49.08,70.27,NEUTRAL,Healthy,surface (83),coach_fit (66),5,-3.3
20,Mike Evans,TB,WR,DEN,63.3,69.96,70.18,51.98,46.95,70.16,NEUTRAL,Healthy,matchup (64),referee (50),6,-3.1
21,Tee Higgins,CIN,WR,WAS,99.2,61.26,58.21,48.61,63.3,69.94,PLAY,Healthy,matchup (100),surface (83),7,-3.0
22,Jordan Addison,MIN,WR,HOU,65.1,64.13,64.99,55.06,52.48,69.8,NEUTRAL,Healthy,coach_fit (66),matchup (66),8,-2.9
23,Jordan Mason,SF,RB,LA,51.7,56.95,53.19,63.32,60.86,69.1,PLAY,Healthy,surface (83),environment (83),9,-2.7
24,J.J. Taylor,HOU,RB,MIN,72.2,42.12,67.44,56.2,62.04,68.92,PLAY,Healthy,environment (83),matchup (73),10,-2.5
25,James Conner,ARI,RB,DET,42.9,61.28,61.57,50.77,58.09,68.91,NEUTRAL,Healthy,environment (83),surface (75),11,-2.4
26,D'Andre Swift,CHI,RB,IND,40.6,63.05,69.71,51.72,49.95,68.88,NEUTRAL,Healthy,environment (83),referee (50),12,-2.2
27,Jaxon Smith-Njigba,SEA,WR,MIA,84.5,60.8,69.58,41.49,56.73,68.71,NEUTRAL,Healthy,matchup (85),coach_fit (66),13,-2.1
28,Malik Nabers,NYG,WR,CLE,99.2,60.56,56.27,50.78,62.47,68.7,PLAY,Healthy,matchup (100),surface (75),14,-1.9
29,James Robinson,NO,RB,PHI,99.2,40.8,57.72,60.38,67.97,68.64,PLAY,Healthy,matchup (100),environment (83),1,-1.8
30,Matthew Stafford,LA,QB,SF,68.9,61.65,52.39,60.48,59.43,68.53,NEUTRAL,Healthy,coach_fit (95),matchup (70),2,-1.6
31,Calvin Ridley,TEN,WR,GB,83.1,70.92,65.0,50.91,48.79,68.41,NEUTRAL,Healthy,matchup (84),referee (50),3,-1.5
32,Sam Ehlinger,IND,QB,CHI,99.2,62.24,55.89,42.04,66.1,68.41,PLAY,Healthy,matchup (100),coach_fit (95),4,-1.3
33,Jason Bean,IND,QB,CHI,99.2,62.24,55.89,42.04,66.1,68.41,PLAY,Healthy,matchup (100),coach_fit (95),5,-1.2
34,Nick Bawden,HOU,RB,MIN,72.2,48.74,61.33,56.37,62.04,68.32,PLAY,Healthy,environment (83),matchup (73),6,-1.1
35,Bucky Irving,TB,RB,DEN,52.0,64.99,59.18,49.12,57.58,68.1,NEUTRAL,Healthy,environment (83),coach_fit (66),7,-0.9
36,James Cook,BUF,RB,JAX,29.8,58.53,67.04,58.62,49.19,67.44,NEUTRAL,Healthy,environment (83),coach_fit (66),8,-0.8
37,Puka Nacua,LA,WR,SF,34.5,61.75,69.83,60.48,43.94,67.38,FADE,Healthy,surface (83),referee (50),9,-0.6
38,Devon Achane,MIA,RB,SEA,53.8,65.16,60.07,48.89,55.49,67.04,NEUTRAL,Healthy,environment (83),coach_fit (66),10,-0.4
39,Clyde Edwards-Helaire,NO,RB,PHI,99.2,38.86,54.38,62.92,67.97,66.77,PLAY,Healthy,matchup (100),environment (83),11,-0.3
40,Trey Sermon,IND,RB,CHI,44.5,50.17,59.78,63.54,55.93,66.34,NEUTRAL,Healthy,environment (83),coach_fit (66),12,-0.1
41,Rome Odunze,CHI,WR,IND,74.6,72.08,55.37,47.81,54.57,66.22,NEUTRAL,Healthy,matchup (75),coach_fit (66),13,0.0
42,Evan Hull,IND,RB,CHI,44.5,48.77,62.09,61.39,55.93,66.22,NEUTRAL,Healthy,environment (83),coach_fit (66),14,0.1
43,Anthony Richardson,IND,QB,CHI,99.2,63.79,53.74,37.89,66.1,66.11,PLAY,Healthy,matchup (100),coach_fit (95),1,0.3
44,Joe Flacco,IND,QB,CHI,99.2,60.59,53.7,46.11,63.6,66.1,PLAY,Healthy,matchup (100),coach_fit (95),2,0.4
45,Trevor Siemian,TEN,QB,GB,51.5,62.8,55.89,50.48,58.1,66.06,NEUTRAL,Healthy,coach_fit (95),surface (75),3,0.6
46,Javonte Williams,DEN,RB,TB,62.5,49.35,60.19,55.45,59.89,65.9,NEUTRAL,Healthy,environment (83),coach_fit (66),4,0.8
47,Ja'Marr Chase,CIN,WR,WAS,32.3,71.04,69.34,47.4,43.76,65.84,FADE,Healthy,prime_time (75),coach_fit (66),5,0.9
48,Justin Herbert,LAC,QB,PIT,87.0,56.69,52.86,51.38,63.42,65.83,PLAY,Healthy,coach_fit (95),matchup (88),6,1.1
49,Keenan Allen,CHI,WR,IND,52.3,70.41,58.25,47.01,52.98,65.66,NEUTRAL,Healthy,surface (83),coach_fit (66),7,1.2
50,La'Mical Perine,PIT,RB,LAC,63.5,45.51,59.76,63.85,57.62,65.6,NEUTRAL,Healthy,environment (83),coach_fit (66),8,1.3
51,British Brooks,HOU,RB,MIN,41.9,48.74,69.37,50.19,55.36,65.59,NEUTRAL,Healthy,environment (83),coach_fit (66),9,1.5
52,Cody Schrader,LA,RB,SF,33.1,46.5,69.42,56.06,53.44,65.54,NEUTRAL,Healthy,environment (83),coach_fit (66),10,1.6
53,Jameson Williams,DET,WR,ARI,75.7,58.19,67.58,52.14,49.67,65.31,NEUTRAL,Healthy,matchup (76),referee (50),11,1.8
54,Julius Chestnut,TEN,RB,GB,62.5,44.15,57.02,64.16,59.89,65.17,NEUTRAL,Healthy,environment (83),coach_fit (66),12,1.9
55,Drake London,ATL,WR,KC,60.5,60.35,70.24,45.18,49.65,65.05,NEUTRAL,Healthy,surface (83),matchup (61),13,2.1
56,Tyreek Hill,MIA,WR,SEA,59.7,70.65,64.47,52.94,43.64,64.88,FADE,Healthy,matchup (60),referee (50),14,2.2
57,Jayden Reed,GB,WR,TEN,92.8,52.33,63.2,56.91,53.44,64.79,NEUTRAL,Healthy,matchup (94),referee (50),1,2.4
58,Jaylen Warren,PIT,RB,LAC,63.5,44.18,59.76,58.51,60.12,64.7,PLAY,Healthy,environment (83),coach_fit (66),2,2.5
59,Blake Corum,LA,RB,SF,33.1,44.88,66.94,59.37,53.44,64.66,NEUTRAL,Healthy,environment (83),coach_fit (66),3,2.7
60,Alec Ingold,MIA,RB,SEA,53.8,45.14,55.14,67.93,57.99,64.59,NEUTRAL,Healthy,environment (83),coach_fit (66),4,2.9
61,Jameis Winston,CLE,QB,NYG,61.9,57.24,53.05,52.93,60.39,64.53,PLAY,Healthy,coach_fit (95),surface (75),5,3.0
62,Kevin Harris,NE,RB,NYJ,51.2,46.37,57.72,57.3,60.73,64.44,PLAY,Healthy,surface (83),environment (83),6,3.1
63,Derrick Henry,BAL,RB,DAL,57.0,52.12,60.47,55.12,56.19,64.4,NEUTRAL,Healthy,environment (83),coach_fit (66),7,3.3
64,Casey Bauman,LAC,QB,PIT,87.0,56.1,57.0,42.04,63.42,64.24,PLAY,Healthy,coach_fit (95),matchup (88),8,3.4
65,Luis Perez,LAC,QB,PIT,87.0,56.1,57.0,42.04,63.42,64.24,PLAY,Healthy,coach_fit (95),matchup (88),9,3.6
66,Max Duggan,LAC,QB,PIT,87.0,56.1,57.0,42.04,63.42,64.24,PLAY,Healthy,coach_fit (95),matchup (88),10,3.8
67,Adam Prentice,NO,RB,PHI,99.2,38.3,54.97,56.48,67.97,64.23,PLAY,Healthy,matchup (100),environment (83),11,3.9
68,Hunter Luepke,DAL,RB,BAL,66.9,40.77,59.52,69.53,55.74,64.19,NEUTRAL,Healthy,environment (83),matchup (68),12,4.0
69,Jamaal Williams,NO,RB,PHI,99.2,42.22,48.52,61.44,67.97,64.15,PLAY,Healthy,matchup (100),environment (83),13,4.2
70,Trey Lance,DAL,QB,BAL,64.2,55.21,55.3,48.25,61.73,64.06,PLAY,Healthy,coach_fit (95),surface (83),14,4.3
71,Roschon Johnson,CHI,RB,IND,40.6,56.69,61.86,58.66,49.95,64.05,NEUTRAL,Healthy,environment (83),referee (50),1,4.5
72,Easton Stick,LAC,QB,PIT,87.0,56.1,57.0,36.8,65.92,63.98,PLAY,Healthy,coach_fit (95),matchup (88),2,4.6
73,Jerry Jeudy,CLE,WR,NYG,62.6,67.0,59.83,41.51,54.42,63.9,NEUTRAL,Healthy,surface (75),coach_fit (66),3,4.8
74,Jahmyr Gibbs,DET,RB,ARI,36.6,61.36,61.44,45.82,54.2,63.89,NEUTRAL,Healthy,environment (83),coach_fit (66),4,5.0
75,Dresser Winn,LA,QB,SF,68.9,62.09,56.84,42.04,59.43,63.86,NEUTRAL,Healthy,coach_fit (95),matchup (70),5,5.1
76,Stetson Bennett,LA,QB,SF,68.9,62.09,56.84,42.04,59.43,63.86,NEUTRAL,Healthy,coach_fit (95),matchup (70),6,5.2
77,Dillon Johnson,CAR,RB,LV,99.2,40.82,62.09,42.04,67.97,63.77,PLAY,Healthy,matchup (100),environment (83),7,5.4
78,Emani Bailey,CAR,RB,LV,99.2,40.82,62.09,42.04,67.97,63.77,PLAY,Healthy,matchup (100),environment (83),8,5.5
79,Jaden Shirden,CAR,RB,LV,99.2,40.82,62.09,42.04,67.97,63.77,PLAY,Healthy,matchup (100),environment (83),9,5.7
80,Brian Thomas,JAX,WR,BUF,48.4,72.31,64.7,38.18,48.79,63.64,NEUTRAL,Healthy,coach_fit (66),referee (50),10,5.8
