Rank,Name,Team,Position,Weekly Score,Edge Score,Hidden Score,Research Score,Contextual Score,Outlook,Top Factors,Upcoming Opponent,Matchup Grade,Referee,Surface,Prime Time Flag,Intl Games Note,International Multiplier
1,Jonathan Taylor,IND,RB,8738.75,9.44,50.0,55.03,49.55,NEUTRAL,referee (50); surface (50),KC,50.0,,,N,,1.0
2,Bijan Robinson,ATL,RB,8710.27,9.16,50.0,52.16,49.55,NEUTRAL,referee (50); surface (50),CAR,50.0,,,N,,1.0
3,Josh Allen,BUF,QB,8565.55,6.71,50.0,36.85,53.55,NEUTRAL,environment (83); referee (50),DET,50.0,,,N,,1.0
4,Amon-Ra St. Brown,DET,WR,8544.79,6.25,50.0,49.15,54.55,NEUTRAL,environment (92); referee (50),BUF,50.0,,,N,,1.0
5,De'Von Achane,MIA,RB,8509.06,7.14,50.0,48.89,49.55,NEUTRAL,referee (50); surface (50),SF,50.0,,,N,,1.0
6,Jahmyr Gibbs,DET,RB,8491.22,7.47,50.0,45.82,47.55,NEUTRAL,referee (50); surface (50),BUF,50.0,,,N,,1.0
7,Ja'Marr Chase,CIN,WR,8419.79,6.25,50.0,47.4,49.55,NEUTRAL,referee (50); surface (50),HOU,50.0,,,N,,1.0
8,Christian McCaffrey,SF,RB,8398.81,6.04,50.0,53.58,49.55,NEUTRAL,referee (50); surface (50),MIA,50.0,,,N,,1.0
9,Jaxon Smith-Njigba,SEA,WR,8331.58,5.37,50.0,41.49,49.55,NEUTRAL,referee (50); surface (50),ARI,50.0,,,N,,1.0
10,Ashton Jeanty,LV,RB,8285.18,4.9,50.0,50.0,49.55,NEUTRAL,referee (50); surface (50),LAC,50.0,,,N,,1.0
11,Derrick Henry,BAL,RB,8238.94,4.44,50.0,55.12,49.55,NEUTRAL,referee (50); surface (50),NO,50.0,,,N,,1.0
12,Puka Nacua,LAR,WR,8219.5,4.24,50.0,60.48,49.55,NEUTRAL,referee (50); surface (50),NYG,50.0,,,N,,1.0
13,Trey McBride,ARI,TE,8199.28,4.04,50.0,50.15,49.55,NEUTRAL,referee (50); surface (50),SEA,50.0,,,N,,1.0
14,CeeDee Lamb,DAL,WR,8196.53,4.01,50.0,44.32,49.55,NEUTRAL,referee (50); surface (50),WAS,50.0,,,N,,1.0
15,James Cook,BUF,RB,8189.86,4.45,50.0,58.62,47.55,NEUTRAL,referee (50); surface (50),DET,50.0,,,N,,1.0
16,Cam Skattebo,NYG,RB,8168.2,3.73,50.0,50.0,49.55,NEUTRAL,referee (50); surface (50),LAR,50.0,,,N,,1.0
17,Justin Jefferson,MIN,WR,8167.13,3.72,50.0,48.39,49.55,NEUTRAL,referee (50); surface (50),CHI,50.0,,,N,,1.0
18,George Kittle,SF,TE,8140.48,3.45,50.0,54.77,49.55,NEUTRAL,referee (50); surface (50),MIA,50.0,,,N,,1.0
19,Omarion Hampton,LAC,RB,8129.61,3.34,50.0,50.0,49.55,NEUTRAL,referee (50); surface (50),LV,50.0,,,N,,1.0
20,Kyren Williams,LAR,RB,8122.26,3.27,50.0,70.45,49.55,NEUTRAL,referee (50); surface (50),NYG,50.0,,,N,,1.0
21,Kenneth Walker III,KC,RB,8113.99,3.19,50.0,55.71,49.55,NEUTRAL,referee (50); surface (50),IND,50.0,,,N,,1.0
22,Jalen Hurts,PHI,QB,8111.82,3.17,50.0,36.91,49.55,NEUTRAL,referee (50); surface (50),TEN,50.0,,,N,,1.0
23,D'Andre Swift,CHI,RB,8088.27,2.93,50.0,51.72,49.55,NEUTRAL,referee (50); surface (50),MIN,50.0,,,N,,1.0
24,Drake London,ATL,WR,8082.6,2.87,50.0,45.18,49.55,NEUTRAL,referee (50); surface (50),CAR,50.0,,,N,,1.0
25,Chase Brown,CIN,RB,8080.0,2.85,50.0,55.88,49.55,NEUTRAL,referee (50); surface (50),HOU,50.0,,,N,,1.0
26,Jeremiyah Love,ARI,RB,8080.0,2.85,50.0,50.0,49.55,NEUTRAL,referee (50); surface (50),SEA,50.0,,,N,,1.0
27,Javonte Williams,DAL,RB,8080.0,2.85,50.0,55.45,49.55,NEUTRAL,referee (50); surface (50),WAS,50.0,,,N,,1.0
28,Breece Hall,NYJ,RB,8080.0,2.85,50.0,47.44,49.55,NEUTRAL,referee (50); surface (50),GB,50.0,,,N,,1.0
29,Saquon Barkley,PHI,RB,8077.24,2.82,50.0,54.52,49.55,NEUTRAL,referee (50); surface (50),TEN,50.0,,,N,,1.0
30,Patrick Mahomes,KC,QB,8022.7,2.27,50.0,39.67,49.55,NEUTRAL,referee (50); surface (50),IND,50.0,,,N,,1.0
31,Jared Goff,DET,QB,8017.04,1.22,50.0,54.46,53.55,NEUTRAL,environment (83); referee (50),BUF,50.0,,,N,,1.0
32,Bhayshul Tuten,JAX,RB,8014.09,2.19,50.0,50.0,49.55,NEUTRAL,referee (50); surface (50),DEN,50.0,,,N,,1.0
33,Quinshon Judkins,CLE,RB,8014.09,2.19,50.0,50.0,49.55,NEUTRAL,referee (50); surface (50),TB,50.0,,,N,,1.0
34,Ollie Gordon II,MIA,RB,8014.09,2.19,50.0,50.0,49.55,NEUTRAL,referee (50); surface (50),SF,50.0,,,N,,1.0
35,J.K. Dobbins,DEN,RB,8005.36,2.1,50.0,48.89,49.55,NEUTRAL,referee (50); surface (50),JAX,50.0,,,N,,1.0
36,Sam LaPorta,DET,TE,7991.09,0.71,50.0,43.24,54.55,NEUTRAL,environment (92); referee (50),BUF,50.0,,,N,,1.0
37,Rashee Rice,KC,WR,7991.0,1.96,50.0,46.26,49.55,NEUTRAL,referee (50); surface (50),IND,50.0,,,N,,1.0
38,Jameson Williams,DET,WR,7977.91,0.57,50.0,52.14,54.55,NEUTRAL,environment (92); referee (50),BUF,50.0,,,N,,1.0
39,Malik Nabers,NYG,WR,7970.05,1.75,50.0,50.78,49.55,NEUTRAL,referee (50); surface (50),LAR,50.0,,,N,,1.0
40,Tyler Warren,IND,TE,7957.64,1.62,50.0,50.0,49.55,NEUTRAL,referee (50); surface (50),KC,50.0,,,N,,1.0
41,Colston Loveland,CHI,TE,7957.64,1.62,50.0,50.0,49.55,NEUTRAL,referee (50); surface (50),MIN,50.0,,,N,,1.0
42,Harold Fannin Jr.,CLE,TE,7957.64,1.62,50.0,50.0,49.55,NEUTRAL,referee (50); surface (50),TB,50.0,,,N,,1.0
43,Tee Higgins,CIN,WR,7952.14,1.57,50.0,48.61,49.55,NEUTRAL,referee (50); surface (50),HOU,50.0,,,N,,1.0
44,Dallas Goedert,PHI,TE,7947.54,1.52,50.0,54.38,49.55,NEUTRAL,referee (50); surface (50),TEN,50.0,,,N,,1.0
45,George Pickens,DAL,WR,7939.27,1.44,50.0,51.06,49.55,NEUTRAL,referee (50); surface (50),WAS,50.0,,,N,,1.0
46,Lamar Jackson,BAL,QB,7935.42,1.4,50.0,45.83,49.55,NEUTRAL,referee (50); surface (50),NO,50.0,,,N,,1.0
47,DJ Moore,BUF,WR,7930.13,0.1,50.0,37.48,54.55,NEUTRAL,environment (92); referee (50),DET,50.0,,,N,,1.0
48,Tetairoa McMillan,CAR,WR,7927.81,1.32,50.0,50.0,49.55,NEUTRAL,referee (50); surface (50),ATL,50.0,,,N,,1.0
49,Emeka Egbuka,TB,WR,7927.81,1.32,50.0,50.0,49.55,NEUTRAL,referee (50); surface (50),CLE,50.0,,,N,,1.0
50,Davante Adams,LAR,WR,7923.65,1.28,50.0,52.47,49.55,NEUTRAL,referee (50); surface (50),NYG,50.0,,,N,,1.0
51,Brian Thomas Jr.,JAX,WR,7914.47,1.19,50.0,38.18,49.55,NEUTRAL,referee (50); surface (50),DEN,50.0,,,N,,1.0
52,Rhamondre Stevenson,NE,RB,7911.86,1.16,50.0,67.33,49.55,NEUTRAL,referee (50); surface (50),PIT,50.0,,,N,,1.0
53,Bucky Irving,TB,RB,7909.11,1.14,50.0,49.12,49.55,NEUTRAL,referee (50); surface (50),CLE,50.0,,,N,,1.0
54,Chris Olave,NO,WR,7908.95,1.13,50.0,49.79,49.55,NEUTRAL,referee (50); surface (50),BAL,50.0,,,N,,1.0
55,Tucker Kraft,GB,TE,7907.11,1.12,50.0,42.19,49.55,NEUTRAL,referee (50); surface (50),NYJ,50.0,,,N,,1.0
56,Brock Purdy,SF,QB,7895.99,1.0,50.0,42.58,49.55,NEUTRAL,referee (50); surface (50),MIA,50.0,,,N,,1.0
57,Drake Maye,NE,QB,7881.43,0.86,50.0,21.74,49.55,NEUTRAL,referee (50); surface (50),PIT,50.0,,,N,,1.0
58,Luther Burden III,CHI,WR,7878.87,0.83,50.0,50.0,49.55,NEUTRAL,referee (50); surface (50),MIN,50.0,,,N,,1.0
59,Dalton Kincaid,BUF,TE,7875.0,-0.46,50.0,49.22,54.55,NEUTRAL,environment (92); referee (50),DET,50.0,,,N,,1.0
60,Courtland Sutton,DEN,WR,7870.37,0.75,50.0,49.39,49.55,NEUTRAL,referee (50); surface (50),JAX,50.0,,,N,,1.0
61,DeVonta Smith,PHI,WR,7852.91,0.57,50.0,44.13,49.55,NEUTRAL,referee (50); surface (50),TEN,50.0,,,N,,1.0
62,Travis Etienne,NO,RB,7842.96,0.47,50.0,60.34,49.55,NEUTRAL,referee (50); surface (50),BAL,50.0,,,N,,1.0
63,Garrett Wilson,NYJ,WR,7839.13,0.44,50.0,37.34,49.55,NEUTRAL,referee (50); surface (50),GB,50.0,,,N,,1.0
64,Dak Prescott,DAL,QB,7828.84,0.33,50.0,44.82,49.55,NEUTRAL,referee (50); surface (50),WAS,50.0,,,N,,1.0
65,Rico Dowdle,PIT,RB,7823.66,0.28,50.0,59.4,49.55,NEUTRAL,referee (50); surface (50),NE,50.0,,,N,,1.0
66,Justin Herbert,LAC,QB,7821.49,0.26,50.0,51.38,49.55,NEUTRAL,referee (50); surface (50),LV,50.0,,,N,,1.0
67,Darren Waller,CAR,TE,7820.75,0.25,50.0,51.06,49.55,NEUTRAL,referee (50); surface (50),ATL,50.0,,,N,,1.0
68,Trevor Lawrence,JAX,QB,7812.31,0.17,50.0,41.9,49.55,NEUTRAL,referee (50); surface (50),DEN,50.0,,,N,,1.0
69,Alec Pierce,IND,WR,7806.97,0.11,50.0,44.86,49.55,NEUTRAL,referee (50); surface (50),KC,50.0,,,N,,1.0
70,Parker Washington,JAX,WR,7806.97,0.11,50.0,39.48,49.55,NEUTRAL,referee (50); surface (50),DEN,50.0,,,N,,1.0
71,Jaylen Waddle,DEN,WR,7806.97,0.11,50.0,35.38,49.55,NEUTRAL,referee (50); surface (50),JAX,50.0,,,N,,1.0
72,Ladd McConkey,LAC,WR,7806.97,0.11,50.0,42.07,49.55,NEUTRAL,referee (50); surface (50),LV,50.0,,,N,,1.0
73,Marvin Harrison Jr.,ARI,WR,7806.97,0.11,50.0,37.28,49.55,NEUTRAL,referee (50); surface (50),SEA,50.0,,,N,,1.0
74,DK Metcalf,PIT,WR,7806.97,0.11,50.0,49.29,49.55,NEUTRAL,referee (50); surface (50),NE,50.0,,,N,,1.0
75,Joe Burrow,CIN,QB,7795.12,-0.01,50.0,41.71,49.55,NEUTRAL,referee (50); surface (50),HOU,50.0,,,N,,1.0
76,Chuba Hubbard,CAR,RB,7776.8,-0.19,50.0,54.95,49.55,NEUTRAL,referee (50); surface (50),ATL,50.0,,,N,,1.0
77,Tony Pollard,TEN,RB,7776.8,-0.19,50.0,53.93,49.55,NEUTRAL,referee (50); surface (50),PHI,50.0,,,N,,1.0
78,David Montgomery,HOU,RB,7776.8,-0.19,50.0,51.83,49.55,NEUTRAL,referee (50); surface (50),CIN,50.0,,,N,,1.0
79,Jadarian Price,SEA,RB,7776.8,-0.19,50.0,50.0,49.55,NEUTRAL,referee (50); surface (50),ARI,50.0,,,N,,1.0
80,Jaylen Warren,PIT,RB,7776.8,-0.19,50.0,58.51,49.55,NEUTRAL,referee (50); surface (50),NE,50.0,,,N,,1.0
81,Jonathon Brooks,CAR,RB,7776.8,-0.19,50.0,63.87,49.55,NEUTRAL,referee (50); surface (50),ATL,50.0,,,N,,1.0
82,Kenny Gainwell,TB,RB,7776.8,-0.19,50.0,50.0,49.55,NEUTRAL,referee (50); surface (50),CLE,50.0,,,N,,1.0
83,Jacory Croskey-Merritt,WAS,RB,7776.8,-0.19,50.0,50.0,49.55,NEUTRAL,referee (50); surface (50),DAL,50.0,,,N,,1.0
84,Terry McLaurin,WAS,WR,7773.89,-0.22,50.0,51.72,49.55,NEUTRAL,referee (50); surface (50),DAL,50.0,,,N,,1.0
85,Christian Watson,GB,WR,7773.89,-0.22,50.0,39.83,49.55,NEUTRAL,referee (50); surface (50),NYJ,50.0,,,N,,1.0
86,Travis Kelce,KC,TE,7771.14,-0.25,50.0,39.15,49.55,NEUTRAL,referee (50); surface (50),IND,50.0,,,N,,1.0
87,Kyle Pitts,ATL,TE,7770.22,-0.25,50.0,42.42,49.55,NEUTRAL,referee (50); surface (50),CAR,50.0,,,N,,1.0
88,TreVeyon Henderson,NE,RB,7764.86,-0.31,50.0,50.0,49.55,NEUTRAL,referee (50); surface (50),PIT,50.0,,,N,,1.0
89,Blake Corum,LAR,RB,7758.43,-0.37,50.0,59.37,49.55,NEUTRAL,referee (50); surface (50),NYG,50.0,,,N,,1.0
90,Rachaad White,WAS,RB,7758.43,-0.37,50.0,47.22,49.55,NEUTRAL,referee (50); surface (50),DAL,50.0,,,N,,1.0
91,MarShawn Lloyd,GB,RB,7758.43,-0.37,50.0,52.83,49.55,NEUTRAL,referee (50); surface (50),NYJ,50.0,,,N,,1.0
92,RJ Harvey,DEN,RB,7758.43,-0.37,50.0,50.0,49.55,NEUTRAL,referee (50); surface (50),JAX,50.0,,,N,,1.0
93,Kyle Monangai,CHI,RB,7758.43,-0.37,50.0,50.0,49.55,NEUTRAL,referee (50); surface (50),MIN,50.0,,,N,,1.0
94,Tyjae Spears,TEN,RB,7758.43,-0.37,50.0,58.57,49.55,NEUTRAL,referee (50); surface (50),PHI,50.0,,,N,,1.0
95,Mike Evans,SF,WR,7751.84,-0.44,50.0,51.98,49.55,NEUTRAL,referee (50); surface (50),MIA,50.0,,,N,,1.0
96,Chris Godwin Jr.,TB,WR,7745.73,-0.5,50.0,48.31,49.55,NEUTRAL,referee (50); surface (50),CLE,50.0,,,N,,1.0
97,Aaron Jones,MIN,RB,7734.54,-0.61,50.0,59.29,49.55,NEUTRAL,referee (50); surface (50),CHI,50.0,,,N,,1.0
98,Jakobi Meyers,JAX,WR,7729.79,-0.66,50.0,45.97,49.55,NEUTRAL,referee (50); surface (50),DEN,50.0,,,N,,1.0
99,Baker Mayfield,TB,QB,7720.43,-0.75,50.0,40.17,49.55,NEUTRAL,referee (50); surface (50),CLE,50.0,,,N,,1.0
100,Stefon Diggs,WAS,WR,7713.26,-0.82,50.0,62.48,49.55,NEUTRAL,referee (50); surface (50),DAL,50.0,,,N,,1.0
101,Deebo Samuel Sr.,SF,WR,7705.91,-0.9,50.0,36.23,49.55,NEUTRAL,referee (50); surface (50),MIA,50.0,,,N,,1.0
102,Hunter Henry,NE,TE,7704.98,-0.91,50.0,59.13,49.55,NEUTRAL,referee (50); surface (50),PIT,50.0,,,N,,1.0
103,Brock Bowers,LV,TE,7699.47,-0.96,50.0,37.5,49.55,NEUTRAL,referee (50); surface (50),LAC,50.0,,,N,,1.0
104,Nico Collins,HOU,WR,7696.72,-0.99,50.0,42.01,49.55,NEUTRAL,referee (50); surface (50),CIN,50.0,,,N,,1.0
105,Rome Odunze,CHI,WR,7696.72,-0.99,50.0,47.81,49.55,NEUTRAL,referee (50); surface (50),MIN,50.0,,,N,,1.0
106,Bo Nix,DEN,QB,7691.95,-1.04,50.0,47.94,49.55,NEUTRAL,referee (50); surface (50),JAX,50.0,,,N,,1.0
107,Matthew Stafford,LAR,QB,7690.11,-1.06,50.0,60.48,49.55,NEUTRAL,referee (50); surface (50),NYG,50.0,,,N,,1.0
108,Jake Ferguson,DAL,TE,7682.02,-1.14,50.0,47.43,49.55,NEUTRAL,referee (50); surface (50),WAS,50.0,,,N,,1.0
109,Mark Andrews,BAL,TE,7682.02,-1.14,50.0,40.86,49.55,NEUTRAL,referee (50); surface (50),NO,50.0,,,N,,1.0
110,Juwan Johnson,NO,TE,7682.02,-1.14,50.0,48.8,49.55,NEUTRAL,referee (50); surface (50),BAL,50.0,,,N,,1.0
111,Jayden Daniels,WAS,QB,7679.04,-1.17,50.0,33.12,49.55,NEUTRAL,referee (50); surface (50),DAL,50.0,,,N,,1.0
112,Dalton Schultz,HOU,TE,7670.99,-1.25,50.0,44.41,49.55,NEUTRAL,referee (50); surface (50),CIN,50.0,,,N,,1.0
113,Isaiah Likely,NYG,TE,7659.97,-1.36,50.0,44.64,49.55,NEUTRAL,referee (50); surface (50),LAR,50.0,,,N,,1.0
114,Romeo Doubs,NE,WR,7637.92,-1.58,50.0,43.22,49.55,NEUTRAL,referee (50); surface (50),PIT,50.0,,,N,,1.0
115,Tyler Higbee,LAR,TE,7635.16,-1.61,50.0,58.45,49.55,NEUTRAL,referee (50); surface (50),NYG,50.0,,,N,,1.0
116,Cade Otton,TB,TE,7626.89,-1.69,50.0,45.46,49.55,NEUTRAL,referee (50); surface (50),CLE,50.0,,,N,,1.0
117,Pat Freiermuth,PIT,TE,7625.97,-1.7,50.0,54.22,49.55,NEUTRAL,referee (50); surface (50),NE,50.0,,,N,,1.0
118,Carnell Tate,TEN,WR,7623.22,-1.73,50.0,50.0,49.55,NEUTRAL,referee (50); surface (50),PHI,50.0,,,N,,1.0
119,KC Concepcion,CLE,WR,7623.22,-1.73,50.0,50.0,49.55,NEUTRAL,referee (50); surface (50),TB,50.0,,,N,,1.0
120,Quentin Johnston,LAC,WR,7623.22,-1.73,50.0,41.32,49.55,NEUTRAL,referee (50); surface (50),LV,50.0,,,N,,1.0
121,Michael Wilson,ARI,WR,7623.22,-1.73,50.0,48.62,49.55,NEUTRAL,referee (50); surface (50),SEA,50.0,,,N,,1.0
122,Jordan Addison,MIN,WR,7623.22,-1.73,50.0,55.06,49.55,NEUTRAL,referee (50); surface (50),CHI,50.0,,,N,,1.0
123,Caleb Williams,CHI,QB,7621.2,-1.75,50.0,24.21,49.55,NEUTRAL,referee (50); surface (50),MIN,50.0,,,N,,1.0
124,Woody Marks,HOU,RB,7620.61,-1.75,50.0,50.0,49.55,NEUTRAL,referee (50); surface (50),CIN,50.0,,,N,,1.0
125,Chris Rodriguez Jr.,JAX,RB,7620.61,-1.75,50.0,61.27,49.55,NEUTRAL,referee (50); surface (50),DEN,50.0,,,N,,1.0
126,Tyrone Tracy Jr.,NYG,RB,7620.61,-1.75,50.0,47.41,49.55,NEUTRAL,referee (50); surface (50),LAR,50.0,,,N,,1.0
127,T.J. Hockenson,MIN,TE,7616.78,-1.79,50.0,43.48,49.55,NEUTRAL,referee (50); surface (50),CHI,50.0,,,N,,1.0
128,Jaxson Dart,NYG,QB,7613.57,-1.82,50.0,50.0,49.55,NEUTRAL,referee (50); surface (50),LAR,50.0,,,N,,1.0
129,Wan'Dale Robinson,TEN,WR,7604.84,-1.91,50.0,38.44,49.55,NEUTRAL,referee (50); surface (50),PHI,50.0,,,N,,1.0
130,David Njoku,LAC,TE,7604.71,-1.91,50.0,41.55,49.55,NEUTRAL,referee (50); surface (50),LV,50.0,,,N,,1.0
131,Zay Flowers,BAL,WR,7588.3,-2.08,50.0,43.9,49.55,NEUTRAL,referee (50); surface (50),NO,50.0,,,N,,1.0
132,Braelon Allen,NYJ,RB,7581.57,-2.14,50.0,48.46,49.55,NEUTRAL,referee (50); surface (50),GB,50.0,,,N,,1.0
133,Jayden Reed,GB,WR,7577.28,-2.19,50.0,56.91,49.55,NEUTRAL,referee (50); surface (50),NYJ,50.0,,,N,,1.0
134,Brenton Strange,JAX,TE,7568.09,-2.28,50.0,49.95,49.55,NEUTRAL,referee (50); surface (50),DEN,50.0,,,N,,1.0
135,Oronde Gadsden II,LAC,TE,7564.41,-2.32,50.0,50.0,49.55,NEUTRAL,referee (50); surface (50),LV,50.0,,,N,,1.0
136,Jordan Love,GB,QB,7558.73,-2.37,50.0,37.35,49.55,NEUTRAL,referee (50); surface (50),NYJ,50.0,,,N,,1.0
137,Michael Carter,TEN,RB,7540.68,-2.55,50.0,56.37,49.55,NEUTRAL,referee (50); surface (50),PHI,50.0,,,N,,1.0
138,Tyler Allgeier,ARI,RB,7538.84,-2.57,50.0,59.83,49.55,NEUTRAL,referee (50); surface (50),SEA,50.0,,,N,,1.0
139,Theo Johnson,NYG,TE,7530.42,-2.66,50.0,47.7,49.55,NEUTRAL,referee (50); surface (50),LAR,50.0,,,N,,1.0
140,Najee Harris,NYG,RB,7527.45,-2.69,50.0,63.86,49.55,NEUTRAL,referee (50); surface (50),LAR,50.0,,,N,,1.0
141,Chig Okonkwo,WAS,TE,7526.74,-2.69,50.0,48.81,49.55,NEUTRAL,referee (50); surface (50),DAL,50.0,,,N,,1.0
142,Khalil Shakir,BUF,WR,7518.53,-4.03,50.0,46.83,54.55,NEUTRAL,environment (92); referee (50),DET,50.0,,,N,,1.0
143,C.J. Stroud,HOU,QB,7514.63,-2.81,50.0,56.92,49.55,NEUTRAL,referee (50); surface (50),CIN,50.0,,,N,,1.0
144,Devin Singletary,NYG,RB,7512.2,-2.84,50.0,54.22,49.55,NEUTRAL,referee (50); surface (50),LAR,50.0,,,N,,1.0
145,AJ Barner,SEA,TE,7508.37,-2.88,50.0,37.64,49.55,NEUTRAL,referee (50); surface (50),ARI,50.0,,,N,,1.0
146,Emari Demercado,DAL,RB,7485.79,-3.1,50.0,53.76,49.55,NEUTRAL,referee (50); surface (50),WAS,50.0,,,N,,1.0
147,Josh Downs,IND,WR,7485.4,-3.11,50.0,45.17,49.55,NEUTRAL,referee (50); surface (50),KC,50.0,,,N,,1.0
148,Keon Coleman,BUF,WR,7474.43,-4.47,50.0,42.69,54.55,NEUTRAL,environment (92); referee (50),DET,50.0,,,N,,1.0
149,Tyler Conklin,DET,TE,7468.27,-4.53,50.0,48.79,54.55,NEUTRAL,environment (92); referee (50),BUF,50.0,,,N,,1.0
150,Jonnu Smith,GB,TE,7467.02,-3.29,50.0,46.92,49.55,NEUTRAL,referee (50); surface (50),NYJ,50.0,,,N,,1.0
151,Sean Tucker,TB,RB,7463.51,-3.33,50.0,53.16,49.55,NEUTRAL,referee (50); surface (50),CLE,50.0,,,N,,1.0
152,Keaton Mitchell,LAC,RB,7457.07,-3.39,50.0,62.46,49.55,NEUTRAL,referee (50); surface (50),LV,50.0,,,N,,1.0
153,Evan Engram,DEN,TE,7456.0,-3.4,50.0,46.88,49.55,NEUTRAL,referee (50); surface (50),JAX,50.0,,,N,,1.0
154,Terrance Ferguson,LAR,TE,7452.32,-3.44,50.0,50.0,49.55,NEUTRAL,referee (50); surface (50),NYG,50.0,,,N,,1.0
155,Keenan Allen,IND,WR,7450.49,-3.46,50.0,47.01,49.55,NEUTRAL,referee (50); surface (50),KC,50.0,,,N,,1.0
156,Dawson Knox,BUF,TE,7449.62,-4.72,50.0,52.91,54.55,NEUTRAL,environment (92); referee (50),DET,50.0,,,N,,1.0
157,Calvin Ridley,TEN,WR,7442.86,-3.53,50.0,50.91,49.55,NEUTRAL,referee (50); surface (50),PHI,50.0,,,N,,1.0
158,Cole Kmet,CHI,TE,7442.22,-3.54,50.0,45.97,49.55,NEUTRAL,referee (50); surface (50),MIN,50.0,,,N,,1.0
159,Brian Robinson,ATL,RB,7440.54,-3.56,50.0,59.81,49.55,NEUTRAL,referee (50); surface (50),CAR,50.0,,,N,,1.0
160,Alvin Kamara,NO,RB,7438.55,-3.58,50.0,55.62,49.55,NEUTRAL,referee (50); surface (50),BAL,50.0,,,N,,1.0
161,Mike Washington,LV,RB,7436.86,-3.59,50.0,50.0,49.55,NEUTRAL,referee (50); surface (50),LAC,50.0,,,N,,1.0
162,Kaelon Black,SF,RB,7436.86,-3.59,50.0,50.0,49.55,NEUTRAL,referee (50); surface (50),MIA,50.0,,,N,,1.0
163,Jonah Coleman,DEN,RB,7436.86,-3.59,50.0,50.0,49.55,NEUTRAL,referee (50); surface (50),JAX,50.0,,,N,,1.0
164,Greg Dulcich,MIA,TE,7434.04,-3.62,50.0,55.8,49.55,NEUTRAL,referee (50); surface (50),SF,50.0,,,N,,1.0
165,Jackson Hawes,BUF,TE,7430.32,-4.91,50.0,50.0,54.55,NEUTRAL,environment (92); referee (50),DET,50.0,,,N,,1.0
166,Marquise Brown,PHI,WR,7423.85,-3.72,50.0,47.51,49.55,NEUTRAL,referee (50); surface (50),TEN,50.0,,,N,,1.0
167,Isaac Guerendo,SF,RB,7423.08,-3.73,50.0,61.0,49.55,NEUTRAL,referee (50); surface (50),MIA,50.0,,,N,,1.0
168,Jauan Jennings,MIN,WR,7418.33,-3.78,50.0,47.79,49.55,NEUTRAL,referee (50); surface (50),CHI,50.0,,,N,,1.0
169,Jaleel McLaughlin,CLE,RB,7417.16,-3.79,50.0,57.7,49.55,NEUTRAL,referee (50); surface (50),TB,50.0,,,N,,1.0
170,Colby Parkinson,LAR,TE,7416.49,-3.8,50.0,59.84,49.55,NEUTRAL,referee (50); surface (50),NYG,50.0,,,N,,1.0
171,Daniel Jones,IND,QB,7412.64,-3.84,50.0,40.26,49.55,NEUTRAL,referee (50); surface (50),KC,50.0,,,N,,1.0
172,Josh Jacobs,GB,RB,7411.14,-3.85,50.0,56.02,49.55,NEUTRAL,referee (50); surface (50),NYJ,50.0,,,N,,1.0
173,Jalen Coker,CAR,WR,7410.06,-3.86,50.0,51.06,49.55,NEUTRAL,referee (50); surface (50),ATL,50.0,,,N,,1.0
174,Ty Johnson,BUF,RB,7405.24,-3.41,50.0,69.4,47.55,NEUTRAL,referee (50); surface (50),DET,50.0,,,N,,1.0
175,Geno Smith,NYJ,QB,7404.37,-3.92,50.0,47.41,49.55,NEUTRAL,referee (50); surface (50),GB,50.0,,,N,,1.0
176,Mason Taylor,NYJ,TE,7403.63,-3.93,50.0,50.0,49.55,NEUTRAL,referee (50); surface (50),GB,50.0,,,N,,1.0
177,Keleki Latu,BUF,TE,7395.41,-5.26,50.0,50.0,54.55,NEUTRAL,environment (92); referee (50),DET,50.0,,,N,,1.0
178,Xavier Worthy,KC,WR,7395.36,-4.01,50.0,41.71,49.55,NEUTRAL,referee (50); surface (50),IND,50.0,,,N,,1.0
179,Josh Oliver,MIN,TE,7395.36,-4.01,50.0,45.33,49.55,NEUTRAL,referee (50); surface (50),CHI,50.0,,,N,,1.0
180,Rashid Shaheed,SEA,WR,7393.53,-4.03,50.0,58.46,49.55,NEUTRAL,referee (50); surface (50),ARI,50.0,,,N,,1.0
181,Denzel Boston,CLE,WR,7393.53,-4.03,50.0,50.0,49.55,NEUTRAL,referee (50); surface (50),TB,50.0,,,N,,1.0
182,Cyrus Allen,KC,WR,7393.53,-4.03,50.0,50.0,49.55,NEUTRAL,referee (50); surface (50),IND,50.0,,,N,,1.0
183,Makai Lemon,PHI,WR,7393.53,-4.03,50.0,50.0,49.55,NEUTRAL,referee (50); surface (50),TEN,50.0,,,N,,1.0
184,Matthew Golden,GB,WR,7393.53,-4.03,50.0,50.0,49.55,NEUTRAL,referee (50); surface (50),NYJ,50.0,,,N,,1.0
185,Kimani Vidal,LAC,RB,7391.84,-4.04,50.0,56.2,49.55,NEUTRAL,referee (50); surface (50),LV,50.0,,,N,,1.0
186,Tyler Shough,NO,QB,7391.51,-4.05,50.0,50.0,49.55,NEUTRAL,referee (50); surface (50),BAL,50.0,,,N,,1.0
187,Jaydon Blue,PHI,RB,7389.09,-4.07,50.0,50.0,49.55,NEUTRAL,referee (50); surface (50),TEN,50.0,,,N,,1.0
188,Tank Bigsby,PHI,RB,7389.09,-4.07,50.0,54.62,49.55,NEUTRAL,referee (50); surface (50),TEN,50.0,,,N,,1.0
189,Tre Tucker,LV,WR,7383.42,-4.13,50.0,51.68,49.55,NEUTRAL,referee (50); surface (50),LAC,50.0,,,N,,1.0
190,Greg Dortch,BUF,WR,7378.87,-5.42,50.0,54.71,54.55,NEUTRAL,environment (92); referee (50),DET,50.0,,,N,,1.0
191,Kayshon Boutte,HOU,WR,7378.83,-4.17,50.0,48.29,49.55,NEUTRAL,referee (50); surface (50),CIN,50.0,,,N,,1.0
192,Justin Fields,KC,QB,7370.93,-4.25,50.0,34.62,49.55,NEUTRAL,referee (50); surface (50),IND,50.0,,,N,,1.0
193,Isaiah Davis,NYJ,RB,7370.71,-4.25,50.0,51.86,49.55,NEUTRAL,referee (50); surface (50),GB,50.0,,,N,,1.0
194,Bryce Young,CAR,QB,7370.38,-4.26,50.0,26.68,49.55,NEUTRAL,referee (50); surface (50),ATL,50.0,,,N,,1.0
195,Tommy Tremble,CAR,TE,7368.72,-4.27,50.0,41.11,49.55,NEUTRAL,referee (50); surface (50),ATL,50.0,,,N,,1.0
196,Daniel Bellinger,TEN,TE,7366.88,-4.29,50.0,49.37,49.55,NEUTRAL,referee (50); surface (50),PHI,50.0,,,N,,1.0
197,A.J. Brown,NE,WR,7364.13,-4.32,50.0,39.74,49.55,NEUTRAL,referee (50); surface (50),PIT,50.0,,,N,,1.0
198,Phil Mafah,NYG,RB,7359.69,-4.37,50.0,50.0,49.55,NEUTRAL,referee (50); surface (50),LAR,50.0,,,N,,1.0
199,DJ Giddens,IND,RB,7358.77,-4.37,50.0,50.0,49.55,NEUTRAL,referee (50); surface (50),KC,50.0,,,N,,1.0
200,Tahj Brooks,CIN,RB,7357.85,-4.38,50.0,50.0,49.55,NEUTRAL,referee (50); surface (50),HOU,50.0,,,N,,1.0
201,Brock Wright,DET,TE,7356.55,-5.65,50.0,50.93,54.55,NEUTRAL,environment (92); referee (50),BUF,50.0,,,N,,1.0
202,British Brooks,HOU,RB,7356.01,-4.4,50.0,50.19,49.55,NEUTRAL,referee (50); surface (50),CIN,50.0,,,N,,1.0
203,Nate Carter,KC,RB,7354.17,-4.42,50.0,50.0,49.55,NEUTRAL,referee (50); surface (50),IND,50.0,,,N,,1.0
204,Dylan Laube,LV,RB,7352.34,-4.44,50.0,54.13,49.55,NEUTRAL,referee (50); surface (50),LAC,50.0,,,N,,1.0
205,Jordan James,SF,RB,7352.34,-4.44,50.0,50.0,49.55,NEUTRAL,referee (50); surface (50),MIA,50.0,,,N,,1.0
206,Jerry Jeudy,CLE,WR,7351.26,-4.45,50.0,41.51,49.55,NEUTRAL,referee (50); surface (50),TB,50.0,,,N,,1.0
207,Jerome Ford,MIN,RB,7350.5,-4.46,50.0,51.42,49.55,NEUTRAL,referee (50); surface (50),CHI,50.0,,,N,,1.0
208,Jack Westover,WAS,RB,7349.58,-4.47,50.0,42.04,49.55,NEUTRAL,referee (50); surface (50),DAL,50.0,,,N,,1.0
209,Jacardia Wright,SEA,RB,7349.58,-4.47,50.0,50.0,49.55,NEUTRAL,referee (50); surface (50),ARI,50.0,,,N,,1.0
210,Noah Fant,NO,TE,7349.42,-4.47,50.0,44.69,49.55,NEUTRAL,referee (50); surface (50),BAL,50.0,,,N,,1.0
211,Corey Kiner,NE,RB,7348.66,-4.48,50.0,50.0,49.55,NEUTRAL,referee (50); surface (50),PIT,50.0,,,N,,1.0
212,Josh Williams,TB,RB,7348.66,-4.48,50.0,50.0,49.55,NEUTRAL,referee (50); surface (50),CLE,50.0,,,N,,1.0
213,Isaac TeSlaa,DET,WR,7347.64,-5.74,50.0,50.0,54.55,NEUTRAL,environment (92); referee (50),BUF,50.0,,,N,,1.0
214,Mike Gesicki,CIN,TE,7344.83,-4.51,50.0,48.55,49.55,NEUTRAL,referee (50); surface (50),HOU,50.0,,,N,,1.0
215,Michael Mayer,LV,TE,7341.15,-4.55,50.0,46.31,49.55,NEUTRAL,referee (50); surface (50),LAC,50.0,,,N,,1.0
216,Tory Horton,SEA,WR,7339.32,-4.57,50.0,50.0,49.55,NEUTRAL,referee (50); surface (50),ARI,50.0,,,N,,1.0
217,Malik Washington,MIA,WR,7338.4,-4.58,50.0,52.65,49.55,NEUTRAL,referee (50); surface (50),SF,50.0,,,N,,1.0
218,Rashod Bateman,BAL,WR,7338.4,-4.58,50.0,41.48,49.55,NEUTRAL,referee (50); surface (50),NO,50.0,,,N,,1.0
219,Jawhar Jordan,HOU,RB,7336.72,-4.6,50.0,42.04,49.55,NEUTRAL,referee (50); surface (50),CIN,50.0,,,N,,1.0
220,Elijah Higgins,ARI,TE,7336.56,-4.6,50.0,44.12,49.55,NEUTRAL,referee (50); surface (50),SEA,50.0,,,N,,1.0
221,Darnell Washington,PIT,TE,7335.64,-4.61,50.0,43.16,49.55,NEUTRAL,referee (50); surface (50),NE,50.0,,,N,,1.0
222,Marvin Mims Jr.,DEN,WR,7333.81,-4.62,50.0,41.6,49.55,NEUTRAL,referee (50); surface (50),JAX,50.0,,,N,,1.0
223,Brashard Smith,KC,RB,7328.45,-4.68,50.0,50.0,49.55,NEUTRAL,referee (50); surface (50),IND,50.0,,,N,,1.0
224,Emanuel Wilson,SEA,RB,7328.45,-4.68,50.0,42.03,49.55,NEUTRAL,referee (50); surface (50),ARI,50.0,,,N,,1.0
225,Mack Hollins,NE,WR,7328.29,-4.68,50.0,45.22,49.55,NEUTRAL,referee (50); surface (50),PIT,50.0,,,N,,1.0
226,Adam Trautman,DEN,TE,7328.29,-4.68,50.0,46.9,49.55,NEUTRAL,referee (50); surface (50),JAX,50.0,,,N,,1.0
227,Ronnie Rivers,LAR,RB,7326.7,-4.7,50.0,59.87,49.55,NEUTRAL,referee (50); surface (50),NYG,50.0,,,N,,1.0
228,DeMario Douglas,NE,WR,7324.62,-4.72,50.0,38.89,49.55,NEUTRAL,referee (50); surface (50),PIT,50.0,,,N,,1.0
229,Zavier Scott,CHI,RB,7323.85,-4.72,50.0,42.04,49.55,NEUTRAL,referee (50); surface (50),MIN,50.0,,,N,,1.0
230,Michael Pittman,PIT,WR,7322.78,-4.73,50.0,48.66,49.55,NEUTRAL,referee (50); surface (50),NE,50.0,,,N,,1.0
231,Gunnar Helm,TEN,TE,7322.78,-4.73,50.0,50.0,49.55,NEUTRAL,referee (50); surface (50),PHI,50.0,,,N,,1.0
232,Davis Allen,LAR,TE,7319.1,-4.77,50.0,45.49,49.55,NEUTRAL,referee (50); surface (50),NYG,50.0,,,N,,1.0
233,Cooper Kupp,SEA,WR,7316.35,-4.8,50.0,44.29,49.55,NEUTRAL,referee (50); surface (50),ARI,50.0,,,N,,1.0
234,Aaron Rodgers,PIT,QB,7315.25,-4.81,50.0,37.71,49.55,NEUTRAL,referee (50); surface (50),NE,50.0,,,N,,1.0
235,Tanner Hudson,CIN,TE,7314.18,-4.82,50.0,43.18,49.55,NEUTRAL,referee (50); surface (50),HOU,50.0,,,N,,1.0
236,Jalen McMillan,TB,WR,7311.94,-4.84,50.0,50.32,49.55,NEUTRAL,referee (50); surface (50),CLE,50.0,,,N,,1.0
237,Ja'Tavion Sanders,CAR,TE,7306.16,-4.9,50.0,45.32,49.55,NEUTRAL,referee (50); surface (50),ATL,50.0,,,N,,1.0
238,Luke Musgrave,GB,TE,7305.32,-4.91,50.0,52.44,49.55,NEUTRAL,referee (50); surface (50),NYJ,50.0,,,N,,1.0
239,Ray Davis,BUF,RB,7305.09,-4.41,50.0,60.33,47.55,NEUTRAL,referee (50); surface (50),DET,50.0,,,N,,1.0
240,Jordan Mason,MIN,RB,7299.05,-4.97,50.0,63.32,49.55,NEUTRAL,referee (50); surface (50),CHI,50.0,,,N,,1.0
241,Jacob Saylors,DET,RB,7298.66,-4.48,50.0,42.04,47.55,NEUTRAL,referee (50); surface (50),BUF,50.0,,,N,,1.0
242,Frank Gore Jr.,BUF,RB,7298.66,-4.48,50.0,42.04,47.55,NEUTRAL,referee (50); surface (50),DET,50.0,,,N,,1.0
243,Justice Hill,BAL,RB,7294.41,-5.02,50.0,52.55,49.55,NEUTRAL,referee (50); surface (50),NO,50.0,,,N,,1.0
244,Brevin Jordan,HOU,TE,7294.3,-5.02,50.0,50.89,49.55,NEUTRAL,referee (50); surface (50),CIN,50.0,,,N,,1.0
245,Tyquan Thornton,KC,WR,7292.65,-5.04,50.0,59.93,49.55,NEUTRAL,referee (50); surface (50),IND,50.0,,,N,,1.0
246,Olamide Zaccheaus,ATL,WR,7292.46,-5.04,50.0,53.94,49.55,NEUTRAL,referee (50); surface (50),CAR,50.0,,,N,,1.0
247,Austin Hooper,ATL,TE,7291.54,-5.05,50.0,49.79,49.55,NEUTRAL,referee (50); surface (50),CAR,50.0,,,N,,1.0
248,Kene Nwangwu,NYJ,RB,7288.3,-5.08,50.0,47.99,49.55,NEUTRAL,referee (50); surface (50),GB,50.0,,,N,,1.0
249,KaVontae Turpin,DAL,WR,7287.87,-5.08,50.0,40.45,49.55,NEUTRAL,referee (50); surface (50),WAS,50.0,,,N,,1.0
250,Ameer Abdullah,JAX,RB,7287.1,-5.09,50.0,56.19,49.55,NEUTRAL,referee (50); surface (50),DEN,50.0,,,N,,1.0
251,Jeremy Ruckert,NYJ,TE,7282.35,-5.14,50.0,36.92,49.55,NEUTRAL,referee (50); surface (50),GB,50.0,,,N,,1.0
252,Noah Gray,KC,TE,7281.43,-5.15,50.0,41.91,49.55,NEUTRAL,referee (50); surface (50),IND,50.0,,,N,,1.0
253,Jaylen Wright,MIA,RB,7281.31,-5.15,50.0,53.76,49.55,NEUTRAL,referee (50); surface (50),SF,50.0,,,N,,1.0
254,Mitchell Evans,CAR,TE,7280.52,-5.16,50.0,50.0,49.55,NEUTRAL,referee (50); surface (50),ATL,50.0,,,N,,1.0
255,Tom Kennedy,DET,WR,7279.65,-6.42,50.0,61.46,54.55,NEUTRAL,environment (92); referee (50),BUF,50.0,,,N,,1.0
256,Jake Tonges,SF,TE,7279.6,-5.17,50.0,42.04,49.55,NEUTRAL,referee (50); surface (50),MIA,50.0,,,N,,1.0
257,Nick Vannett,BAL,TE,7278.68,-5.18,50.0,57.39,49.55,NEUTRAL,referee (50); surface (50),NO,50.0,,,N,,1.0
258,Samaje Perine,CIN,RB,7277.92,-5.18,50.0,51.57,49.55,NEUTRAL,referee (50); surface (50),HOU,50.0,,,N,,1.0
259,Tyrell Shavers,BUF,WR,7275.95,-6.46,50.0,37.84,54.55,NEUTRAL,environment (92); referee (50),DET,50.0,,,N,,1.0
260,Reggie Gilliam,NE,RB,7275.16,-5.21,50.0,61.06,49.55,NEUTRAL,referee (50); surface (50),PIT,50.0,,,N,,1.0
261,Sincere McCormick,SF,RB,7274.24,-5.22,50.0,62.54,49.55,NEUTRAL,referee (50); surface (50),MIA,50.0,,,N,,1.0
262,Dontayvion Wicks,PHI,WR,7274.09,-5.22,50.0,42.8,49.55,NEUTRAL,referee (50); surface (50),TEN,50.0,,,N,,1.0
263,Jacoby Brissett,ARI,QB,7273.91,-5.22,50.0,34.9,49.55,NEUTRAL,referee (50); surface (50),SEA,50.0,,,N,,1.0
264,Mac Jones,SF,QB,7273.91,-5.22,50.0,41.49,49.55,NEUTRAL,referee (50); surface (50),MIA,50.0,,,N,,1.0
265,Charlie Kolar,LAC,TE,7273.18,-5.23,50.0,42.14,49.55,NEUTRAL,referee (50); surface (50),LV,50.0,,,N,,1.0
266,Carson Wentz,MIN,QB,7272.3,-5.24,50.0,44.59,49.55,NEUTRAL,referee (50); surface (50),CHI,50.0,,,N,,1.0
267,Johnny Mundt,PHI,TE,7270.51,-5.26,50.0,43.31,49.55,NEUTRAL,referee (50); surface (50),TEN,50.0,,,N,,1.0
268,James Mitchell,DAL,TE,7269.49,-5.27,50.0,46.83,49.55,NEUTRAL,referee (50); surface (50),WAS,50.0,,,N,,1.0
269,Zaire Mitchell-Paden,HOU,TE,7267.65,-5.29,50.0,42.04,49.55,NEUTRAL,referee (50); surface (50),CIN,50.0,,,N,,1.0
270,Colson Yankoff,WAS,TE,7267.65,-5.29,50.0,42.04,49.55,NEUTRAL,referee (50); surface (50),DAL,50.0,,,N,,1.0
271,Chris Brooks,GB,RB,7265.05,-5.31,50.0,69.56,49.55,NEUTRAL,referee (50); surface (50),NYJ,50.0,,,N,,1.0
272,Zach Charbonnet,SEA,RB,7262.3,-5.34,50.0,44.44,49.55,NEUTRAL,referee (50); surface (50),ARI,50.0,,,N,,1.0
273,Luke Schoonmaker,DAL,TE,7262.14,-5.34,50.0,39.35,49.55,NEUTRAL,referee (50); surface (50),WAS,50.0,,,N,,1.0
274,Troy Franklin,DEN,WR,7261.22,-5.35,50.0,53.28,49.55,NEUTRAL,referee (50); surface (50),JAX,50.0,,,N,,1.0
275,Devontez Walker,BAL,WR,7260.44,-5.36,50.0,41.72,49.55,NEUTRAL,referee (50); surface (50),NO,50.0,,,N,,1.0
276,Josiah Deguara,PHI,TE,7260.35,-5.36,50.0,51.66,49.55,NEUTRAL,referee (50); surface (50),TEN,50.0,,,N,,1.0
277,Elic Ayomanor,TEN,WR,7257.55,-5.39,50.0,50.0,49.55,NEUTRAL,referee (50); surface (50),PHI,50.0,,,N,,1.0
278,Tua Tagovailoa,ATL,QB,7257.37,-5.39,50.0,33.11,49.55,NEUTRAL,referee (50); surface (50),CAR,50.0,,,N,,1.0
279,Kirk Cousins,LV,QB,7257.0,-5.39,50.0,51.26,49.55,NEUTRAL,referee (50); surface (50),LAC,50.0,,,N,,1.0
280,Devin Culp,TB,TE,7255.98,-5.4,50.0,44.39,49.55,NEUTRAL,referee (50); surface (50),CLE,50.0,,,N,,1.0
281,Malachi Fields,NYG,WR,7255.71,-5.41,50.0,50.0,49.55,NEUTRAL,referee (50); surface (50),LAR,50.0,,,N,,1.0
282,Caleb Douglas,MIA,WR,7255.71,-5.41,50.0,50.0,49.55,NEUTRAL,referee (50); surface (50),SF,50.0,,,N,,1.0
283,Tay Martin,DET,WR,7255.39,-6.66,50.0,38.68,54.55,NEUTRAL,environment (92); referee (50),BUF,50.0,,,N,,1.0
284,Velus Jones Jr.,SEA,RB,7253.38,-5.43,50.0,52.67,49.55,NEUTRAL,referee (50); surface (50),ARI,50.0,,,N,,1.0
285,Tip Reiman,ARI,TE,7252.49,-5.44,50.0,53.01,49.55,NEUTRAL,referee (50); surface (50),SEA,50.0,,,N,,1.0
286,Chris Manhertz,NYG,TE,7249.87,-5.46,50.0,48.54,49.55,NEUTRAL,referee (50); surface (50),LAR,50.0,,,N,,1.0
287,Cam Grandy,MIN,TE,7249.87,-5.46,50.0,51.23,49.55,NEUTRAL,referee (50); surface (50),CHI,50.0,,,N,,1.0
288,LeQuint Allen Jr.,JAX,RB,7243.0,-5.53,50.0,50.0,49.55,NEUTRAL,referee (50); surface (50),DEN,50.0,,,N,,1.0
289,Mo Alie-Cox,IND,TE,7242.88,-5.53,50.0,42.52,49.55,NEUTRAL,referee (50); surface (50),KC,50.0,,,N,,1.0
290,Kalif Raymond,CHI,WR,7239.17,-5.57,50.0,46.49,49.55,NEUTRAL,referee (50); surface (50),MIN,50.0,,,N,,1.0
291,Raheim Sanders,CLE,RB,7236.57,-5.6,50.0,50.0,49.55,NEUTRAL,referee (50); surface (50),TB,50.0,,,N,,1.0
292,Tyler Badie,DEN,RB,7234.73,-5.62,50.0,58.39,49.55,NEUTRAL,referee (50); surface (50),JAX,50.0,,,N,,1.0
293,Ryan Flournoy,DAL,WR,7230.91,-5.65,50.0,55.5,49.55,NEUTRAL,referee (50); surface (50),WAS,50.0,,,N,,1.0
294,Darnell Mooney,NYG,WR,7229.99,-5.66,50.0,41.02,49.55,NEUTRAL,referee (50); surface (50),LAR,50.0,,,N,,1.0
295,Jalen Nailor,LV,WR,7229.99,-5.66,50.0,48.2,49.55,NEUTRAL,referee (50); surface (50),LAC,50.0,,,N,,1.0
296,Foster Moreau,HOU,TE,7229.8,-5.67,50.0,50.44,49.55,NEUTRAL,referee (50); surface (50),CIN,50.0,,,N,,1.0
297,Kendrick Bourne,ARI,WR,7225.39,-5.71,50.0,49.98,49.55,NEUTRAL,referee (50); surface (50),SEA,50.0,,,N,,1.0
298,Devaughn Vele,NO,WR,7224.66,-5.72,50.0,56.93,49.55,NEUTRAL,referee (50); surface (50),BAL,50.0,,,N,,1.0
299,Demarcus Robinson,SF,WR,7222.64,-5.74,50.0,44.53,49.55,NEUTRAL,referee (50); surface (50),MIA,50.0,,,N,,1.0
300,Chimere Dike,TEN,WR,7221.72,-5.75,50.0,50.0,49.55,NEUTRAL,referee (50); surface (50),PHI,50.0,,,N,,1.0
301,James Conner,ARI,RB,7220.22,-5.76,50.0,50.77,49.55,NEUTRAL,referee (50); surface (50),SEA,50.0,,,N,,1.0
302,Jaylin Noel,HOU,WR,7211.61,-5.85,50.0,50.0,49.55,NEUTRAL,referee (50); surface (50),CIN,50.0,,,N,,1.0
303,Adonai Mitchell,NYJ,WR,7211.61,-5.85,50.0,45.03,49.55,NEUTRAL,referee (50); surface (50),GB,50.0,,,N,,1.0
304,Xavier Legette,CAR,WR,7210.69,-5.86,50.0,46.72,49.55,NEUTRAL,referee (50); surface (50),ATL,50.0,,,N,,1.0
305,Roschon Johnson,CHI,RB,7210.62,-5.86,50.0,58.66,49.55,NEUTRAL,referee (50); surface (50),MIN,50.0,,,N,,1.0
306,Kendre Miller,NO,RB,7210.62,-5.86,50.0,52.72,49.55,NEUTRAL,referee (50); surface (50),BAL,50.0,,,N,,1.0
307,Pat Bryant,DEN,WR,7209.77,-5.87,50.0,50.0,49.55,NEUTRAL,referee (50); surface (50),JAX,50.0,,,N,,1.0
308,Andrei Iosivas,CIN,WR,7207.94,-5.88,50.0,48.31,49.55,NEUTRAL,referee (50); surface (50),HOU,50.0,,,N,,1.0
309,Tez Johnson,TB,WR,7204.26,-5.92,50.0,50.0,49.55,NEUTRAL,referee (50); surface (50),CLE,50.0,,,N,,1.0
310,K.J. Osborn,TEN,WR,7203.34,-5.93,50.0,38.42,49.55,NEUTRAL,referee (50); surface (50),PHI,50.0,,,N,,1.0
311,Hunter Long,ARI,TE,7202.74,-5.94,50.0,46.01,49.55,NEUTRAL,referee (50); surface (50),SEA,50.0,,,N,,1.0
312,Ben Sinnott,WAS,TE,7193.14,-6.03,50.0,56.62,49.55,NEUTRAL,referee (50); surface (50),DAL,50.0,,,N,,1.0
313,Payne Durham,TB,TE,7182.67,-6.14,50.0,47.27,49.55,NEUTRAL,referee (50); surface (50),CLE,50.0,,,N,,1.0
314,Isiah Pacheco,DET,RB,7180.14,-5.66,50.0,52.76,47.55,NEUTRAL,referee (50); surface (50),BUF,50.0,,,N,,1.0
315,Erick All,CIN,TE,7178.53,-6.18,50.0,46.01,49.55,NEUTRAL,referee (50); surface (50),HOU,50.0,,,N,,1.0
316,Jahdae Walker,CHI,WR,7177.62,-6.19,50.0,50.0,49.55,NEUTRAL,referee (50); surface (50),MIN,50.0,,,N,,1.0
317,Salvon Ahmed,CHI,RB,7176.85,-6.2,50.0,56.81,49.55,NEUTRAL,referee (50); surface (50),MIN,50.0,,,N,,1.0
318,Theo Wease Jr.,LAC,WR,7176.7,-6.2,50.0,50.0,49.55,NEUTRAL,referee (50); surface (50),LV,50.0,,,N,,1.0
319,Quintin Morris,JAX,TE,7175.68,-6.21,50.0,51.91,49.55,NEUTRAL,referee (50); surface (50),DEN,50.0,,,N,,1.0
320,Efton Chism III,NE,WR,7170.27,-6.26,50.0,50.0,49.55,NEUTRAL,referee (50); surface (50),PIT,50.0,,,N,,1.0
321,J.J. McCarthy,MIN,QB,7169.17,-6.27,50.0,42.04,49.55,NEUTRAL,referee (50); surface (50),CHI,50.0,,,N,,1.0
322,Khalil Herbert,ATL,RB,7167.85,-6.29,50.0,62.53,49.55,NEUTRAL,referee (50); surface (50),CAR,50.0,,,N,,1.0
323,David Martin-Robinson,TEN,TE,7167.83,-6.29,50.0,47.41,49.55,NEUTRAL,referee (50); surface (50),PHI,50.0,,,N,,1.0
324,Michael Bandy,DEN,WR,7163.84,-6.33,50.0,42.04,49.55,NEUTRAL,referee (50); surface (50),JAX,50.0,,,N,,1.0
325,Xavier Smith,LAR,WR,7163.42,-6.33,50.0,46.23,49.55,NEUTRAL,referee (50); surface (50),NYG,50.0,,,N,,1.0
326,Michael Penix Jr.,ATL,QB,7161.45,-6.35,50.0,41.34,49.55,NEUTRAL,referee (50); surface (50),CAR,50.0,,,N,,1.0
327,Dareke Young,LV,WR,7155.57,-6.41,50.0,61.27,49.55,NEUTRAL,referee (50); surface (50),LAC,50.0,,,N,,1.0
328,Nate Adkins,DEN,TE,7154.74,-6.42,50.0,52.97,49.55,NEUTRAL,referee (50); surface (50),JAX,50.0,,,N,,1.0
329,Xavier Restrepo,TEN,WR,7154.65,-6.42,50.0,50.0,49.55,NEUTRAL,referee (50); surface (50),PHI,50.0,,,N,,1.0
330,Tai Felton,MIN,WR,7153.73,-6.43,50.0,50.0,49.55,NEUTRAL,referee (50); surface (50),CHI,50.0,,,N,,1.0
331,Jordan Watkins,SF,WR,7152.81,-6.44,50.0,50.0,49.55,NEUTRAL,referee (50); surface (50),MIA,50.0,,,N,,1.0
332,Joe Flacco,CIN,QB,7152.63,-6.44,50.0,46.11,49.55,NEUTRAL,referee (50); surface (50),HOU,50.0,,,N,,1.0
333,George Holani,SEA,RB,7152.04,-6.44,50.0,61.4,49.55,NEUTRAL,referee (50); surface (50),ARI,50.0,,,N,,1.0
334,Jared Wayne,HOU,WR,7151.89,-6.45,50.0,49.31,49.55,NEUTRAL,referee (50); surface (50),CIN,50.0,,,N,,1.0
335,Jalen Royals,KC,WR,7150.05,-6.46,50.0,50.0,49.55,NEUTRAL,referee (50); surface (50),IND,50.0,,,N,,1.0
336,Elijah Arroyo,SEA,TE,7150.05,-6.46,50.0,50.0,49.55,NEUTRAL,referee (50); surface (50),ARI,50.0,,,N,,1.0
337,Marquez Valdes-Scantling,LAC,WR,7148.27,-6.48,50.0,40.43,49.55,NEUTRAL,referee (50); surface (50),LV,50.0,,,N,,1.0
338,Dyami Brown,WAS,WR,7146.49,-6.5,50.0,53.57,49.55,NEUTRAL,referee (50); surface (50),DAL,50.0,,,N,,1.0
339,Jordan Whittington,LAR,WR,7146.38,-6.5,50.0,38.08,49.55,NEUTRAL,referee (50); surface (50),NYG,50.0,,,N,,1.0
340,Dylan Drummond,ATL,WR,7145.46,-6.51,50.0,42.04,49.55,NEUTRAL,referee (50); surface (50),CAR,50.0,,,N,,1.0
341,Cody White,LV,WR,7145.23,-6.51,50.0,48.42,49.55,NEUTRAL,referee (50); surface (50),LAC,50.0,,,N,,1.0
342,Josh Whyle,GB,TE,7145.14,-6.51,50.0,54.8,49.55,NEUTRAL,referee (50); surface (50),NYJ,50.0,,,N,,1.0
343,Connor Heyward,LV,TE,7144.85,-6.52,50.0,59.59,49.55,NEUTRAL,referee (50); surface (50),LAC,50.0,,,N,,1.0
344,Kameron Johnson,TB,WR,7144.36,-6.52,50.0,47.88,49.55,NEUTRAL,referee (50); surface (50),CLE,50.0,,,N,,1.0
345,Drew Sample,CIN,TE,7143.07,-6.53,50.0,54.01,49.55,NEUTRAL,referee (50); surface (50),HOU,50.0,,,N,,1.0
346,Tre Harris,LAC,WR,7140.87,-6.56,50.0,50.0,49.55,NEUTRAL,referee (50); surface (50),LV,50.0,,,N,,1.0
347,Stone Smartt,NO,TE,7138.15,-6.58,50.0,52.4,49.55,NEUTRAL,referee (50); surface (50),BAL,50.0,,,N,,1.0
348,Van Jefferson,WAS,WR,7138.11,-6.58,50.0,52.46,49.55,NEUTRAL,referee (50); surface (50),DAL,50.0,,,N,,1.0
349,Ronnie Bell,LV,WR,7137.38,-6.59,50.0,56.91,49.55,NEUTRAL,referee (50); surface (50),LAC,50.0,,,N,,1.0
350,Braxton Berrios,NYG,WR,7137.19,-6.59,50.0,56.57,49.55,NEUTRAL,referee (50); surface (50),LAR,50.0,,,N,,1.0
351,Brandon Johnson,PIT,WR,7136.27,-6.6,50.0,52.56,49.55,NEUTRAL,referee (50); surface (50),NE,50.0,,,N,,1.0
352,Tyler Goodson,DAL,RB,7134.68,-6.62,50.0,45.59,49.55,NEUTRAL,referee (50); surface (50),WAS,50.0,,,N,,1.0
353,Tutu Atwell,LAR,WR,7133.88,-6.63,50.0,45.32,49.55,NEUTRAL,referee (50); surface (50),NYG,50.0,,,N,,1.0
354,Austin Trammell,JAX,WR,7133.01,-6.64,50.0,56.09,49.55,NEUTRAL,referee (50); surface (50),DEN,50.0,,,N,,1.0
355,Ian Thomas,LV,TE,7132.04,-6.64,50.0,57.44,49.55,NEUTRAL,referee (50); surface (50),LAC,50.0,,,N,,1.0
356,Darren Fells,TB,TE,7131.68,-6.65,50.0,50.0,49.55,NEUTRAL,referee (50); surface (50),CLE,50.0,,,N,,1.0
357,Deven Thompkins,LV,WR,7131.27,-6.65,50.0,52.51,49.55,NEUTRAL,referee (50); surface (50),LAC,50.0,,,N,,1.0
358,Eric Saubert,SEA,TE,7131.17,-6.65,50.0,49.65,49.55,NEUTRAL,referee (50); surface (50),ARI,50.0,,,N,,1.0
359,Kyler Murray,MIN,QB,7131.16,-6.65,50.0,39.72,49.55,NEUTRAL,referee (50); surface (50),CHI,50.0,,,N,,1.0
360,Nikko Remigio,KC,WR,7130.39,-6.66,50.0,57.08,49.55,NEUTRAL,referee (50); surface (50),IND,50.0,,,N,,1.0
361,Dylan Sampson,CLE,RB,7129.99,-6.67,50.0,50.0,49.55,NEUTRAL,referee (50); surface (50),TB,50.0,,,N,,1.0
362,Britain Covey,PHI,WR,7129.52,-6.67,50.0,50.4,49.55,NEUTRAL,referee (50); surface (50),TEN,50.0,,,N,,1.0
363,Tim Jones,JAX,WR,7128.65,-6.68,50.0,55.56,49.55,NEUTRAL,referee (50); surface (50),DEN,50.0,,,N,,1.0
364,Alex Bachman,LAR,WR,7128.65,-6.68,50.0,57.08,49.55,NEUTRAL,referee (50); surface (50),NYG,50.0,,,N,,1.0
365,Bo Melton,GB,WR,7128.0,-6.69,50.0,59.19,49.55,NEUTRAL,referee (50); surface (50),NYJ,50.0,,,N,,1.0
366,Xavier Hutchinson,HOU,WR,7127.09,-6.69,50.0,49.91,49.55,NEUTRAL,referee (50); surface (50),CIN,50.0,,,N,,1.0
367,Cade Stover,HOU,TE,7125.93,-6.71,50.0,48.66,49.55,NEUTRAL,referee (50); surface (50),CIN,50.0,,,N,,1.0
368,Jahan Dotson,ATL,WR,7123.41,-6.73,50.0,48.06,49.55,NEUTRAL,referee (50); surface (50),CAR,50.0,,,N,,1.0
369,Jelani Woods,NYJ,TE,7121.57,-6.75,50.0,42.04,49.55,NEUTRAL,referee (50); surface (50),GB,50.0,,,N,,1.0
370,Luke Farrell,SF,TE,7117.22,-6.79,50.0,52.69,49.55,NEUTRAL,referee (50); surface (50),MIA,50.0,,,N,,1.0
371,Kylen Granson,TEN,TE,7117.21,-6.79,50.0,48.55,49.55,NEUTRAL,referee (50); surface (50),PHI,50.0,,,N,,1.0
372,Isaiah Bond,CLE,WR,7116.98,-6.8,50.0,50.0,49.55,NEUTRAL,referee (50); surface (50),TB,50.0,,,N,,1.0
373,Devin Duvernay,ARI,WR,7111.19,-6.85,50.0,52.45,49.55,NEUTRAL,referee (50); surface (50),SEA,50.0,,,N,,1.0
374,Nick Westbrook-Ikhine,IND,WR,7110.32,-6.86,50.0,45.66,49.55,NEUTRAL,referee (50); surface (50),KC,50.0,,,N,,1.0
375,Ben Yurosek,MIN,TE,7107.79,-6.89,50.0,50.0,49.55,NEUTRAL,referee (50); surface (50),CHI,50.0,,,N,,1.0
376,Brevyn Spann-Ford,DAL,TE,7107.42,-6.89,50.0,48.6,49.55,NEUTRAL,referee (50); surface (50),WAS,50.0,,,N,,1.0
377,Moliki Matavao,NO,TE,7106.87,-6.9,50.0,50.0,49.55,NEUTRAL,referee (50); surface (50),BAL,50.0,,,N,,1.0
378,Sterling Shepard,NYJ,WR,7105.95,-6.91,50.0,45.46,49.55,NEUTRAL,referee (50); surface (50),GB,50.0,,,N,,1.0
379,John Metchie III,CAR,WR,7105.03,-6.92,50.0,50.92,49.55,NEUTRAL,referee (50); surface (50),ATL,50.0,,,N,,1.0
380,Jack Bech,LV,WR,7102.28,-6.94,50.0,50.0,49.55,NEUTRAL,referee (50); surface (50),LAC,50.0,,,N,,1.0
381,Malik Willis,MIA,QB,7102.1,-6.94,50.0,39.85,49.55,NEUTRAL,referee (50); surface (50),SF,50.0,,,N,,1.0
382,Jaylin Lane,WAS,WR,7101.36,-6.95,50.0,50.0,49.55,NEUTRAL,referee (50); surface (50),DAL,50.0,,,N,,1.0
383,Will Mallory,IND,TE,7098.88,-6.98,50.0,49.29,49.55,NEUTRAL,referee (50); surface (50),KC,50.0,,,N,,1.0
384,Malachi Corley,CLE,WR,7098.6,-6.98,50.0,56.4,49.55,NEUTRAL,referee (50); surface (50),TB,50.0,,,N,,1.0
385,Dameon Pierce,PHI,RB,7095.4,-7.01,50.0,57.96,49.55,NEUTRAL,referee (50); surface (50),TEN,50.0,,,N,,1.0
386,Jeremy McNichols,WAS,RB,7095.08,-7.01,50.0,61.85,49.55,NEUTRAL,referee (50); surface (50),DAL,50.0,,,N,,1.0
387,Marcus Mariota,WAS,QB,7094.8,-7.02,50.0,36.41,49.55,NEUTRAL,referee (50); surface (50),DAL,50.0,,,N,,1.0
388,Jack Doyle,IND,TE,7093.09,-7.03,50.0,50.0,49.55,NEUTRAL,referee (50); surface (50),KC,50.0,,,N,,1.0
389,John Bates,WAS,TE,7092.77,-7.04,50.0,47.2,49.55,NEUTRAL,referee (50); surface (50),DAL,50.0,,,N,,1.0
390,Lucas Krull,DEN,TE,7091.89,-7.05,50.0,43.46,49.55,NEUTRAL,referee (50); surface (50),JAX,50.0,,,N,,1.0
391,Jimmy Horn Jr.,CLE,WR,7091.25,-7.05,50.0,50.0,49.55,NEUTRAL,referee (50); surface (50),TB,50.0,,,N,,1.0
392,Durham Smythe,BAL,TE,7084.91,-7.12,50.0,42.56,49.55,NEUTRAL,referee (50); surface (50),NO,50.0,,,N,,1.0
393,Jack Stoll,SF,TE,7084.91,-7.12,50.0,52.78,49.55,NEUTRAL,referee (50); surface (50),MIA,50.0,,,N,,1.0
394,Brittain Brown,CHI,RB,7078.54,-7.18,50.0,42.04,49.55,NEUTRAL,referee (50); surface (50),MIN,50.0,,,N,,1.0
395,Luke McCaffrey,WAS,WR,7078.02,-7.19,50.0,43.64,49.55,NEUTRAL,referee (50); surface (50),DAL,50.0,,,N,,1.0
396,Teagan Quitoriano,ARI,TE,7076.55,-7.2,50.0,58.04,49.55,NEUTRAL,referee (50); surface (50),SEA,50.0,,,N,,1.0
397,AJ Dillon,CAR,RB,7075.79,-7.21,50.0,57.95,49.55,NEUTRAL,referee (50); surface (50),ATL,50.0,,,N,,1.0
398,Zamir White,NO,RB,7071.84,-7.25,50.0,59.66,49.55,NEUTRAL,referee (50); surface (50),BAL,50.0,,,N,,1.0
399,Cam Ward,TEN,QB,7069.03,-7.28,50.0,50.0,49.55,NEUTRAL,referee (50); surface (50),PHI,50.0,,,N,,1.0
400,Pharaoh Brown,IND,TE,7063.96,-7.33,50.0,59.63,49.55,NEUTRAL,referee (50); surface (50),KC,50.0,,,N,,1.0
401,Jalen Tolbert,MIA,WR,7062.72,-7.34,50.0,48.54,49.55,NEUTRAL,referee (50); surface (50),SF,50.0,,,N,,1.0
402,Shedeur Sanders,CLE,QB,7058.92,-7.38,50.0,50.0,49.55,NEUTRAL,referee (50); surface (50),TB,50.0,,,N,,1.0
403,Eric Ebron,PIT,TE,7058.17,-7.38,50.0,50.0,49.55,NEUTRAL,referee (50); surface (50),NE,50.0,,,N,,1.0
404,Will Shipley,PHI,RB,7057.41,-7.39,50.0,58.68,49.55,NEUTRAL,referee (50); surface (50),TEN,50.0,,,N,,1.0
405,Kevin Austin Jr.,NO,WR,7056.2,-7.4,50.0,51.78,49.55,NEUTRAL,referee (50); surface (50),BAL,50.0,,,N,,1.0
406,Grant Calcaterra,PHI,TE,7056.11,-7.41,50.0,49.5,49.55,NEUTRAL,referee (50); surface (50),TEN,50.0,,,N,,1.0
407,Sam Darnold,SEA,QB,7055.24,-7.41,50.0,47.14,49.55,NEUTRAL,referee (50); surface (50),ARI,50.0,,,N,,1.0
408,Trey Sermon,ATL,RB,7053.74,-7.43,50.0,63.54,49.55,NEUTRAL,referee (50); surface (50),CAR,50.0,,,N,,1.0
409,Tyler Johnson,NYJ,WR,7050.09,-7.47,50.0,41.99,49.55,NEUTRAL,referee (50); surface (50),GB,50.0,,,N,,1.0
410,De'Zhaun Stribling,SF,WR,7048.99,-7.48,50.0,50.0,49.55,NEUTRAL,referee (50); surface (50),MIA,50.0,,,N,,1.0
411,Robert Tonyan,PIT,TE,7048.99,-7.48,50.0,51.06,49.55,NEUTRAL,referee (50); surface (50),NE,50.0,,,N,,1.0
412,Lee Smith,ATL,TE,7042.56,-7.54,50.0,50.0,49.55,NEUTRAL,referee (50); surface (50),CAR,50.0,,,N,,1.0
413,Malik Davis,DAL,RB,7040.87,-7.56,50.0,42.04,49.55,NEUTRAL,referee (50); surface (50),WAS,50.0,,,N,,1.0
414,Isaiah Williams,NYJ,WR,7038.75,-7.58,50.0,60.45,49.55,NEUTRAL,referee (50); surface (50),GB,50.0,,,N,,1.0
415,Rasheen Ali,BAL,RB,7032.56,-7.64,50.0,57.49,49.55,NEUTRAL,referee (50); surface (50),NO,50.0,,,N,,1.0
416,Cole Turner,MIA,TE,7031.53,-7.65,50.0,51.48,49.55,NEUTRAL,referee (50); surface (50),SF,50.0,,,N,,1.0
417,Roman Wilson,PIT,WR,7028.78,-7.68,50.0,42.04,49.55,NEUTRAL,referee (50); surface (50),NE,50.0,,,N,,1.0
418,Sam Howell,DAL,QB,7028.6,-7.68,50.0,59.81,49.55,NEUTRAL,referee (50); surface (50),WAS,50.0,,,N,,1.0
419,Chris Myarick,LV,TE,7024.18,-7.72,50.0,42.04,49.55,NEUTRAL,referee (50); surface (50),LAC,50.0,,,N,,1.0
420,Lil'Jordan Humphrey,DEN,WR,7023.04,-7.74,50.0,43.14,49.55,NEUTRAL,referee (50); surface (50),JAX,50.0,,,N,,1.0
421,Andrew Beck,NYJ,RB,7022.5,-7.74,50.0,53.5,49.55,NEUTRAL,referee (50); surface (50),GB,50.0,,,N,,1.0
422,Julian Hill,NE,TE,7020.08,-7.77,50.0,47.61,49.55,NEUTRAL,referee (50); surface (50),PIT,50.0,,,N,,1.0
423,Spencer Rattler,NO,QB,7020.06,-7.77,50.0,48.35,49.55,NEUTRAL,referee (50); surface (50),BAL,50.0,,,N,,1.0
424,Charlie Woerner,ATL,TE,7014.21,-7.82,50.0,56.64,49.55,NEUTRAL,referee (50); surface (50),CAR,50.0,,,N,,1.0
425,Ko Kieft,TB,TE,7013.16,-7.84,50.0,53.76,49.55,NEUTRAL,referee (50); surface (50),CLE,50.0,,,N,,1.0
426,Pierre Strong,GB,RB,7008.72,-7.88,50.0,55.38,49.55,NEUTRAL,referee (50); surface (50),NYJ,50.0,,,N,,1.0
427,Israel Abanikanda,DAL,RB,7005.96,-7.91,50.0,62.42,49.55,NEUTRAL,referee (50); surface (50),WAS,50.0,,,N,,1.0
428,Chris Moore,BAL,WR,7005.81,-7.91,50.0,48.17,49.55,NEUTRAL,referee (50); surface (50),NO,50.0,,,N,,1.0
429,Davis Mills,HOU,QB,6999.98,-7.97,50.0,41.81,49.55,NEUTRAL,referee (50); surface (50),CIN,50.0,,,N,,1.0
430,Craig Reynolds,WAS,RB,6998.52,-7.98,50.0,60.56,49.55,NEUTRAL,referee (50); surface (50),DAL,50.0,,,N,,1.0
431,Frank Gore,BUF,RB,6997.31,-7.49,50.0,50.0,47.55,NEUTRAL,referee (50); surface (50),DET,50.0,,,N,,1.0
432,Elijah Moore,PHI,WR,6995.88,-8.01,50.0,48.73,49.55,NEUTRAL,referee (50); surface (50),TEN,50.0,,,N,,1.0
433,Levine Toilolo,NYG,TE,6994.78,-8.02,50.0,50.0,49.55,NEUTRAL,referee (50); surface (50),LAR,50.0,,,N,,1.0
434,DeeJay Dallas,MIN,RB,6993.28,-8.03,50.0,58.15,49.55,NEUTRAL,referee (50); surface (50),CHI,50.0,,,N,,1.0
435,Christian Kirk,SF,WR,6991.11,-8.06,50.0,49.92,49.55,NEUTRAL,referee (50); surface (50),MIA,50.0,,,N,,1.0
436,Calvin Austin III,NYG,WR,6981.92,-8.15,50.0,42.97,49.55,NEUTRAL,referee (50); surface (50),LAR,50.0,,,N,,1.0
437,Dare Ogunbowale,LV,RB,6980.19,-8.17,50.0,52.37,49.55,NEUTRAL,referee (50); surface (50),LAC,50.0,,,N,,1.0
438,Jordyn Tyson,NO,WR,6980.08,-8.17,50.0,50.0,49.55,NEUTRAL,referee (50); surface (50),BAL,50.0,,,N,,1.0
439,Ja'Kobi Lane,BAL,WR,6980.08,-8.17,50.0,50.0,49.55,NEUTRAL,referee (50); surface (50),NO,50.0,,,N,,1.0
440,Mitchell Tinsley,HOU,WR,6975.49,-8.21,50.0,42.04,49.55,NEUTRAL,referee (50); surface (50),CIN,50.0,,,N,,1.0
441,David Moore,CAR,WR,6970.67,-8.26,50.0,46.56,49.55,NEUTRAL,referee (50); surface (50),ATL,50.0,,,N,,1.0
442,Travis Homer,PIT,RB,6968.84,-8.28,50.0,58.15,49.55,NEUTRAL,referee (50); surface (50),NE,50.0,,,N,,1.0
443,Ryan Miller,MIA,WR,6967.17,-8.3,50.0,47.61,49.55,NEUTRAL,referee (50); surface (50),SF,50.0,,,N,,1.0
444,Treylon Burks,WAS,WR,6964.56,-8.32,50.0,59.18,49.55,NEUTRAL,referee (50); surface (50),DAL,50.0,,,N,,1.0
445,Gunner Olszewski,NYG,WR,6964.46,-8.32,50.0,61.07,49.55,NEUTRAL,referee (50); surface (50),LAR,50.0,,,N,,1.0
446,Carson Steele,PHI,RB,6961.86,-8.35,50.0,55.66,49.55,NEUTRAL,referee (50); surface (50),TEN,50.0,,,N,,1.0
447,Julius Chestnut,TEN,RB,6959.24,-8.38,50.0,64.16,49.55,NEUTRAL,referee (50); surface (50),PHI,50.0,,,N,,1.0
448,Ito Smith,DAL,RB,6957.27,-8.39,50.0,50.0,49.55,NEUTRAL,referee (50); surface (50),WAS,50.0,,,N,,1.0
449,Trent Sherfield,BUF,WR,6956.01,-9.66,50.0,52.76,54.55,NEUTRAL,environment (92); referee (50),DET,50.0,,,N,,1.0
450,Tylan Wallace,CLE,WR,6954.08,-8.43,50.0,51.59,49.55,NEUTRAL,referee (50); surface (50),TB,50.0,,,N,,1.0
451,Ty Chandler,NO,RB,6954.01,-8.43,50.0,54.77,49.55,NEUTRAL,referee (50); surface (50),BAL,50.0,,,N,,1.0
452,Malik Heath,ATL,WR,6940.12,-8.57,50.0,60.81,49.55,NEUTRAL,referee (50); surface (50),CAR,50.0,,,N,,1.0
453,Eric Gray,CLE,RB,6939.81,-8.57,50.0,52.88,49.55,NEUTRAL,referee (50); surface (50),TB,50.0,,,N,,1.0
454,KeAndre Lambert-Smith,LAC,WR,6935.06,-8.62,50.0,50.0,49.55,NEUTRAL,referee (50); surface (50),LV,50.0,,,N,,1.0
455,Trey Palmer,NO,WR,6931.39,-8.65,50.0,42.97,49.55,NEUTRAL,referee (50); surface (50),BAL,50.0,,,N,,1.0
456,Beaux Collins,ATL,WR,6928.63,-8.68,50.0,50.0,49.55,NEUTRAL,referee (50); surface (50),CAR,50.0,,,N,,1.0
457,David Sills,TB,WR,6923.12,-8.74,50.0,42.04,49.55,NEUTRAL,referee (50); surface (50),CLE,50.0,,,N,,1.0
458,Evan Hull,ARI,RB,6921.44,-8.75,50.0,61.39,49.55,NEUTRAL,referee (50); surface (50),SEA,50.0,,,N,,1.0
459,Brycen Tremayne,CAR,WR,6921.28,-8.76,50.0,62.11,49.55,NEUTRAL,referee (50); surface (50),ATL,50.0,,,N,,1.0
460,Darius Cooper,PHI,WR,6915.77,-8.81,50.0,50.0,49.55,NEUTRAL,referee (50); surface (50),TEN,50.0,,,N,,1.0
461,Kaleb Johnson,GB,RB,6908.57,-8.88,50.0,50.0,49.55,NEUTRAL,referee (50); surface (50),NYJ,50.0,,,N,,1.0
462,Jalen Richard,LV,RB,6907.65,-8.89,50.0,50.0,49.55,NEUTRAL,referee (50); surface (50),LAC,50.0,,,N,,1.0
463,Casey Washington,CAR,WR,6903.46,-8.93,50.0,43.73,49.55,NEUTRAL,referee (50); surface (50),ATL,50.0,,,N,,1.0
464,Anthony Richardson,IND,QB,6902.22,-8.95,50.0,37.89,49.55,NEUTRAL,referee (50); surface (50),KC,50.0,,,N,,1.0
465,Trevor Etienne,CAR,RB,6899.38,-8.97,50.0,50.0,49.55,NEUTRAL,referee (50); surface (50),ATL,50.0,,,N,,1.0
466,Jalen Reagor,MIA,WR,6891.88,-9.05,50.0,51.97,49.55,NEUTRAL,referee (50); surface (50),SF,50.0,,,N,,1.0
467,Ashton Dulin,IND,WR,6890.37,-9.06,50.0,50.25,49.55,NEUTRAL,referee (50); surface (50),KC,50.0,,,N,,1.0
468,KhaDarel Hodge,SF,WR,6890.37,-9.06,50.0,53.3,49.55,NEUTRAL,referee (50); surface (50),MIA,50.0,,,N,,1.0
469,Ben Skowronek,PIT,WR,6890.37,-9.06,50.0,53.63,49.55,NEUTRAL,referee (50); surface (50),NE,50.0,,,N,,1.0
470,Laquon Treadwell,IND,WR,6890.04,-9.07,50.0,49.15,49.55,NEUTRAL,referee (50); surface (50),KC,50.0,,,N,,1.0
471,Charlie Jones,NYG,WR,6884.26,-9.13,50.0,48.1,49.55,NEUTRAL,referee (50); surface (50),LAR,50.0,,,N,,1.0
472,Skyy Moore,GB,WR,6879.94,-9.17,50.0,56.08,49.55,NEUTRAL,referee (50); surface (50),NYJ,50.0,,,N,,1.0
473,Konata Mumpfield,LAR,WR,6878.1,-9.19,50.0,50.0,49.55,NEUTRAL,referee (50); surface (50),NYG,50.0,,,N,,1.0
474,Bryce Oliver,HOU,WR,6875.53,-9.21,50.0,48.16,49.55,NEUTRAL,referee (50); surface (50),CIN,50.0,,,N,,1.0
475,Jalen Brooks,ARI,WR,6872.91,-9.24,50.0,44.32,49.55,NEUTRAL,referee (50); surface (50),SEA,50.0,,,N,,1.0
476,Odell Beckham,NYG,WR,6872.59,-9.24,50.0,49.19,49.55,NEUTRAL,referee (50); surface (50),LAR,50.0,,,N,,1.0
477,Tim Patrick,NYJ,WR,6866.16,-9.31,50.0,49.73,49.55,NEUTRAL,referee (50); surface (50),GB,50.0,,,N,,1.0
478,Zach Wilson,NO,QB,6862.3,-9.35,50.0,45.58,49.55,NEUTRAL,referee (50); surface (50),BAL,50.0,,,N,,1.0
479,Easton Stick,TB,QB,6860.47,-9.36,50.0,36.8,49.55,NEUTRAL,referee (50); surface (50),CLE,50.0,,,N,,1.0
480,Jonathan Mingo,DAL,WR,6858.94,-9.38,50.0,51.21,49.55,NEUTRAL,referee (50); surface (50),WAS,50.0,,,N,,1.0
481,Nick Mullens,JAX,QB,6856.79,-9.4,50.0,42.98,49.55,NEUTRAL,referee (50); surface (50),DEN,50.0,,,N,,1.0
482,Xavier Gipson,PHI,WR,6852.83,-9.44,50.0,49.3,49.55,NEUTRAL,referee (50); surface (50),TEN,50.0,,,N,,1.0
483,Derius Davis,LAC,WR,6852.83,-9.44,50.0,47.74,49.55,NEUTRAL,referee (50); surface (50),LV,50.0,,,N,,1.0
484,Shane Buechele,BUF,QB,6843.78,-10.53,50.0,42.04,53.55,NEUTRAL,environment (83); referee (50),DET,50.0,,,N,,1.0
485,Gage Larvadain,BAL,WR,6834.0,-9.63,50.0,50.0,49.55,NEUTRAL,referee (50); surface (50),NO,50.0,,,N,,1.0
486,Mason Tipton,NO,WR,6832.76,-9.64,50.0,46.89,49.55,NEUTRAL,referee (50); surface (50),BAL,50.0,,,N,,1.0
487,Jalin Hyatt,NYG,WR,6826.65,-9.7,50.0,47.3,49.55,NEUTRAL,referee (50); surface (50),LAR,50.0,,,N,,1.0
488,Joshua Dobbs,DET,QB,6819.8,-10.77,50.0,43.3,53.55,NEUTRAL,environment (83); referee (50),BUF,50.0,,,N,,1.0
489,Jameis Winston,NYG,QB,6800.1,-9.97,50.0,52.93,49.55,NEUTRAL,referee (50); surface (50),LAR,50.0,,,N,,1.0
490,Savion Williams,GB,WR,6790.82,-10.06,50.0,50.0,49.55,NEUTRAL,referee (50); surface (50),NYJ,50.0,,,N,,1.0
491,Jake Bobo,SEA,WR,6780.39,-10.17,50.0,49.19,49.55,NEUTRAL,referee (50); surface (50),ARI,50.0,,,N,,1.0
492,Dont'e Thornton Jr.,LV,WR,6777.95,-10.19,50.0,50.0,49.55,NEUTRAL,referee (50); surface (50),LAC,50.0,,,N,,1.0
493,K.J. Hill,LAC,WR,6777.04,-10.2,50.0,50.0,49.55,NEUTRAL,referee (50); surface (50),LV,50.0,,,N,,1.0
494,Tyler Huntley,BAL,QB,6774.79,-10.22,50.0,37.38,49.55,NEUTRAL,referee (50); surface (50),NO,50.0,,,N,,1.0
495,Arian Smith,NYJ,WR,6774.28,-10.23,50.0,50.0,49.55,NEUTRAL,referee (50); surface (50),GB,50.0,,,N,,1.0
496,Jarrett Stidham,DEN,QB,6773.18,-10.24,50.0,33.79,49.55,NEUTRAL,referee (50); surface (50),JAX,50.0,,,N,,1.0
497,Drew Lock,SEA,QB,6759.95,-10.37,50.0,36.22,49.55,NEUTRAL,referee (50); surface (50),ARI,50.0,,,N,,1.0
498,Tanner McKee,PHI,QB,6749.48,-10.48,50.0,48.26,49.55,NEUTRAL,referee (50); surface (50),TEN,50.0,,,N,,1.0
499,Riley Leonard,IND,QB,6746.54,-10.51,50.0,50.0,49.55,NEUTRAL,referee (50); surface (50),KC,50.0,,,N,,1.0
500,Joe Milton III,DAL,QB,6732.02,-10.65,50.0,49.15,49.55,NEUTRAL,referee (50); surface (50),WAS,50.0,,,N,,1.0
501,Tyson Bagent,CHI,QB,6728.16,-10.69,50.0,49.5,49.55,NEUTRAL,referee (50); surface (50),MIN,50.0,,,N,,1.0
502,Mitchell Trubisky,TEN,QB,6717.18,-10.8,50.0,45.99,49.55,NEUTRAL,referee (50); surface (50),PHI,50.0,,,N,,1.0
503,Trey Lance,LAC,QB,6714.57,-10.83,50.0,48.25,49.55,NEUTRAL,referee (50); surface (50),LV,50.0,,,N,,1.0
504,Cedric Tillman,NO,WR,6704.45,-10.93,50.0,54.61,49.55,NEUTRAL,referee (50); surface (50),BAL,50.0,,,N,,1.0
505,Tyrod Taylor,GB,QB,6699.73,-10.97,50.0,39.19,49.55,NEUTRAL,referee (50); surface (50),NYJ,50.0,,,N,,1.0
506,Deshaun Watson,CLE,QB,6694.17,-11.03,50.0,37.76,49.55,NEUTRAL,referee (50); surface (50),TB,50.0,,,N,,1.0
507,Gardner Minshew,ARI,QB,6692.75,-11.04,50.0,39.23,49.55,NEUTRAL,referee (50); surface (50),SEA,50.0,,,N,,1.0
508,Tommy DeVito,NE,QB,6686.82,-11.1,50.0,41.54,49.55,NEUTRAL,referee (50); surface (50),PIT,50.0,,,N,,1.0
509,Andy Dalton,PHI,QB,6683.14,-11.14,50.0,45.23,49.55,NEUTRAL,referee (50); surface (50),TEN,50.0,,,N,,1.0
510,Kenny Pickett,CAR,QB,6666.56,-11.31,50.0,36.77,49.55,NEUTRAL,referee (50); surface (50),ATL,50.0,,,N,,1.0
511,Mason Rudolph,PIT,QB,6650.85,-11.46,50.0,41.79,49.55,NEUTRAL,referee (50); surface (50),NE,50.0,,,N,,1.0
512,Quinn Ewers,JAX,QB,6650.07,-11.47,50.0,50.0,49.55,NEUTRAL,referee (50); surface (50),DEN,50.0,,,N,,1.0
513,Cooper Rush,ATL,QB,6615.94,-11.81,50.0,53.84,49.55,NEUTRAL,referee (50); surface (50),CAR,50.0,,,N,,1.0
514,Aidan O'Connell,LV,QB,6605.46,-11.92,50.0,44.78,49.55,NEUTRAL,referee (50); surface (50),LAC,50.0,,,N,,1.0
515,Kyle Allen,BUF,QB,6453.31,-14.44,50.0,50.15,53.55,NEUTRAL,environment (83); referee (50),DET,50.0,,,N,,1.0
516,Ben Roethlisberger,PIT,QB,6438.75,-13.59,50.0,50.0,49.55,NEUTRAL,referee (50); surface (50),NE,50.0,,,N,,1.0
517,Brady Cook,MIA,QB,6436.0,-13.61,50.0,50.0,49.55,NEUTRAL,referee (50); surface (50),SF,50.0,,,N,,1.0
518,Bailey Zappe,NYJ,QB,6435.08,-13.62,50.0,48.72,49.55,NEUTRAL,referee (50); surface (50),GB,50.0,,,N,,1.0
519,Dwayne Haskins,PIT,QB,6300.02,-14.98,50.0,50.0,49.55,NEUTRAL,referee (50); surface (50),NE,50.0,,,N,,1.0
520,Dillon Gabriel,CLE,QB,6285.32,-15.12,50.0,50.0,49.55,NEUTRAL,referee (50); surface (50),TB,50.0,,,N,,1.0
521,Sam Ehlinger,DEN,QB,6281.64,-15.16,50.0,42.04,49.55,NEUTRAL,referee (50); surface (50),JAX,50.0,,,N,,1.0
522,Max Brosmer,MIN,QB,6046.44,-17.52,50.0,50.0,49.55,NEUTRAL,referee (50); surface (50),CHI,50.0,,,N,,1.0
523,Skylar Thompson,BAL,QB,6028.98,-17.69,50.0,50.95,49.55,NEUTRAL,referee (50); surface (50),NO,50.0,,,N,,1.0
524,Tommy Stevens,NYG,TE,2122.78,-56.8,50.0,50.0,49.55,NEUTRAL,referee (50); surface (50),LAR,50.0,,,N,,1.0
525,E.J. Jenkins,PHI,TE,2122.78,-56.8,50.0,50.4,49.55,NEUTRAL,referee (50); surface (50),TEN,50.0,,,N,,1.0
526,Stephen Carlson,CHI,TE,2122.78,-56.8,50.0,42.04,49.55,NEUTRAL,referee (50); surface (50),MIN,50.0,,,N,,1.0
527,Drake Dabney,GB,TE,2122.78,-56.8,50.0,50.0,49.55,NEUTRAL,referee (50); surface (50),NYJ,50.0,,,N,,1.0
528,Isaac Nauta,GB,TE,2122.78,-56.8,50.0,50.0,49.55,NEUTRAL,referee (50); surface (50),NYJ,50.0,,,N,,1.0
529,Temarrick Hemingway,WAS,TE,2122.78,-56.8,50.0,50.0,49.55,NEUTRAL,referee (50); surface (50),DAL,50.0,,,N,,1.0
530,Nick Kallerup,SEA,TE,2122.78,-56.8,50.0,50.0,49.55,NEUTRAL,referee (50); surface (50),ARI,50.0,,,N,,1.0
531,Brayden Willis,SF,TE,2122.78,-56.8,50.0,61.07,49.55,NEUTRAL,referee (50); surface (50),MIA,50.0,,,N,,1.0
532,Nick Muse,ATL,TE,2122.78,-56.8,50.0,39.63,49.55,NEUTRAL,referee (50); surface (50),CAR,50.0,,,N,,1.0
533,Wendell Smallwood,WAS,RB,2116.5,-56.87,50.0,50.0,49.55,NEUTRAL,referee (50); surface (50),DAL,50.0,,,N,,1.0
534,Adrian Killins,DEN,RB,2116.5,-56.87,50.0,50.0,49.55,NEUTRAL,referee (50); surface (50),JAX,50.0,,,N,,1.0
535,Amar Johnson,LAC,RB,2116.5,-56.87,50.0,50.0,49.55,NEUTRAL,referee (50); surface (50),LV,50.0,,,N,,1.0
536,Cody Schrader,DEN,RB,2116.5,-56.87,50.0,56.06,49.55,NEUTRAL,referee (50); surface (50),JAX,50.0,,,N,,1.0
537,Kendall Milton,CIN,RB,2116.5,-56.87,50.0,42.04,49.55,NEUTRAL,referee (50); surface (50),HOU,50.0,,,N,,1.0
538,Kalel Mullings,TEN,RB,2114.66,-56.89,50.0,50.0,49.55,NEUTRAL,referee (50); surface (50),PHI,50.0,,,N,,1.0
539,Jared Wiley,KC,TE,2114.32,-56.89,50.0,55.91,49.55,NEUTRAL,referee (50); surface (50),IND,50.0,,,N,,1.0
540,Feleipe Franks,CAR,TE,2114.32,-56.89,50.0,50.03,49.55,NEUTRAL,referee (50); surface (50),ATL,50.0,,,N,,1.0
541,Blake Whiteheart,CLE,TE,2114.32,-56.89,50.0,59.21,49.55,NEUTRAL,referee (50); surface (50),TB,50.0,,,N,,1.0
542,Brady Russell,SEA,RB,2094.45,-57.09,50.0,42.04,49.55,NEUTRAL,referee (50); surface (50),ARI,50.0,,,N,,1.0
543,Jonathan Ward,BAL,RB,2094.45,-57.09,50.0,52.64,49.55,NEUTRAL,referee (50); surface (50),NO,50.0,,,N,,1.0
544,Sione Vaki,DET,RB,2052.99,-57.0,50.0,47.25,47.55,NEUTRAL,referee (50); surface (50),BUF,50.0,,,N,,1.0
545,Carter Runyon,LV,TE,2038.25,-57.65,50.0,50.0,49.55,NEUTRAL,referee (50); surface (50),LAC,50.0,,,N,,1.0
546,Chris Collier,LV,RB,1981.44,-58.22,50.0,63.98,49.55,NEUTRAL,referee (50); surface (50),LAC,50.0,,,N,,1.0
547,Robbie Ouzts,SEA,RB,1981.44,-58.22,50.0,50.0,49.55,NEUTRAL,referee (50); surface (50),ARI,50.0,,,N,,1.0
548,Bub Means,CLE,WR,1948.21,-58.55,50.0,50.39,49.55,NEUTRAL,referee (50); surface (50),TB,50.0,,,N,,1.0
549,Chris Blair,ATL,WR,1948.21,-58.55,50.0,56.29,49.55,NEUTRAL,referee (50); surface (50),CAR,50.0,,,N,,1.0
550,Simi Fehoko,ARI,WR,1948.21,-58.55,50.0,46.78,49.55,NEUTRAL,referee (50); surface (50),SEA,50.0,,,N,,1.0
551,Jacob Cowing,SF,WR,1948.21,-58.55,50.0,43.88,49.55,NEUTRAL,referee (50); surface (50),MIA,50.0,,,N,,1.0
552,Ke'Shawn Williams,CIN,WR,1948.21,-58.55,50.0,50.0,49.55,NEUTRAL,referee (50); surface (50),HOU,50.0,,,N,,1.0
553,Anthony Gould,IND,WR,1936.36,-58.67,50.0,40.3,49.55,NEUTRAL,referee (50); surface (50),KC,50.0,,,N,,1.0
554,D.J. Montgomery,IND,WR,1829.69,-59.74,50.0,58.55,49.55,NEUTRAL,referee (50); surface (50),KC,50.0,,,N,,1.0
555,Johnny Wilson,PHI,WR,1829.69,-59.74,50.0,43.84,49.55,NEUTRAL,referee (50); surface (50),TEN,50.0,,,N,,1.0
556,Sean Clifford,CIN,QB,1279.18,-65.25,50.0,48.03,49.55,NEUTRAL,referee (50); surface (50),HOU,50.0,,,N,,1.0
557,Jake Haener,NYG,QB,1277.34,-65.27,50.0,45.02,49.55,NEUTRAL,referee (50); surface (50),LAR,50.0,,,N,,1.0
558,Jalen Milroe,SEA,QB,1274.58,-65.3,50.0,50.0,49.55,NEUTRAL,referee (50); surface (50),ARI,50.0,,,N,,1.0
559,Kedon Slovis,GB,QB,1272.74,-65.32,50.0,42.04,49.55,NEUTRAL,referee (50); surface (50),NYJ,50.0,,,N,,1.0
560,Hendon Hooker,TEN,QB,1267.23,-65.37,50.0,44.31,49.55,NEUTRAL,referee (50); surface (50),PHI,50.0,,,N,,1.0
561,Case Keenum,CHI,QB,1238.75,-65.66,50.0,48.15,49.55,NEUTRAL,referee (50); surface (50),MIN,50.0,,,N,,1.0
